-- phpMyAdmin SQL Dump
-- version 5.0.2
-- https://www.phpmyadmin.net/
--
-- Host: 127.0.0.1
-- Generation Time: Jun 26, 2021 at 06:47 PM
-- Server version: 10.4.14-MariaDB
-- PHP Version: 7.2.33

SET SQL_MODE = "NO_AUTO_VALUE_ON_ZERO";
START TRANSACTION;
SET time_zone = "+00:00";


/*!40101 SET @OLD_CHARACTER_SET_CLIENT=@@CHARACTER_SET_CLIENT */;
/*!40101 SET @OLD_CHARACTER_SET_RESULTS=@@CHARACTER_SET_RESULTS */;
/*!40101 SET @OLD_COLLATION_CONNECTION=@@COLLATION_CONNECTION */;
/*!40101 SET NAMES utf8mb4 */;

--
-- Database: `db_toko`
--

-- --------------------------------------------------------

--
-- Table structure for table `barang`
--

CREATE TABLE `barang` (
  `id` int(11) NOT NULL,
  `id_barang` varchar(255) NOT NULL,
  `satuan_barang` varchar(255) NOT NULL,
  `stok` text NOT NULL,
  `tgl_input` varchar(255) NOT NULL,
  `tgl_update` varchar(255) DEFAULT NULL,
  `input_tgl` varchar(255) NOT NULL,
  `tgl_expired` varchar(255) NOT NULL,
  `id_cabang` int(11) NOT NULL,
  `barcode` varchar(255) NOT NULL
) ENGINE=InnoDB DEFAULT CHARSET=latin1;

--
-- Dumping data for table `barang`
--

INSERT INTO `barang` (`id`, `id_barang`, `satuan_barang`, `stok`, `tgl_input`, `tgl_update`, `input_tgl`, `tgl_expired`, `id_cabang`, `barcode`) VALUES
(35, 'BR006', 'PCS', '4', '17 June 2021, 17:35', '26 June 2021, 5:52', '2021-06-17', '', 6, ''),
(40, 'BR024', 'PCS', '21', '17 June 2021, 17:39', '23 June 2021, 3:54', '2021-06-17', '', 6, ''),
(49, 'BR019', 'PCS', '1', '17 June 2021, 17:41', '25 June 2021, 23:02', '2021-06-17', '', 6, ''),
(50, 'BR021', 'PCS', '9', '17 June 2021, 17:42', NULL, '2021-06-17', '', 6, ''),
(51, 'BR011', 'PCS', '9', '17 June 2021, 17:42', '23 June 2021, 21:54', '2021-06-17', '', 6, ''),
(52, 'BR012', 'PCS', '4', '17 June 2021, 17:42', '25 June 2021, 23:01', '2021-06-17', '', 6, ''),
(54, 'BR035', 'PCS', '10', '17 June 2021, 17:44', '23 June 2021, 3:55', '2021-06-17', '', 6, ''),
(56, 'BR017', 'PCS', '4', '17 June 2021, 17:45', '24 June 2021, 22:00', '2021-06-17', '', 6, ''),
(57, 'BR036', 'PCS', '28', '17 June 2021, 17:46', '23 June 2021, 3:56', '2021-06-17', '', 6, ''),
(59, 'BR033', 'PCS', '1', '17 June 2021, 17:46', '26 June 2021, 1:27', '2021-06-17', '', 6, ''),
(60, 'BR010', 'PCS', '3', '17 June 2021, 17:47', '23 June 2021, 3:02', '2021-06-17', '', 6, ''),
(61, 'BR005', 'PCS', '8', '17 June 2021, 17:47', '23 June 2021, 21:57', '2021-06-17', '', 6, ''),
(63, 'BR042', 'PCS', '2', '17 June 2021, 17:48', '26 June 2021, 6:09', '2021-06-17', '', 6, ''),
(64, 'BR044', 'PCS', '3', '17 June 2021, 17:49', '24 June 2021, 22:17', '2021-06-17', '', 6, ''),
(65, 'BR043', 'PCS', '2', '17 June 2021, 17:49', '26 June 2021, 1:21', '2021-06-17', '', 6, ''),
(67, 'BR046', 'PCS', '4', '17 June 2021, 17:50', '25 June 2021, 5:01', '2021-06-17', '', 6, ''),
(68, 'BR048', 'PCS', '1', '17 June 2021, 17:50', '26 June 2021, 1:26', '2021-06-17', '', 6, ''),
(69, 'BR049', 'PCS', '1', '17 June 2021, 17:51', '26 June 2021, 1:25', '2021-06-17', '', 6, ''),
(70, 'BR045', 'PCS', '3', '17 June 2021, 17:51', '26 June 2021, 1:18', '2021-06-17', '', 6, ''),
(71, 'BR031', 'PCS', '9', '17 June 2021, 17:52', '26 June 2021, 21:26', '2021-06-17', '', 6, ''),
(72, 'BR023', 'PCS', '10', '17 June 2021, 17:52', '20 June 2021, 2:54', '2021-06-17', '', 6, ''),
(73, 'BR015', 'PCS', '5', '17 June 2021, 17:52', '26 June 2021, 21:26', '2021-06-17', '', 6, ''),
(74, 'BR013', 'PCS', '0', '17 June 2021, 17:53', NULL, '2021-06-17', '', 6, ''),
(75, 'BR056', 'PCS', '1', '17 June 2021, 17:53', '26 June 2021, 0:11', '2021-06-17', '', 6, ''),
(77, 'BR022', 'PCS', '12', '17 June 2021, 17:53', '21 June 2021, 23:44', '2021-06-17', '', 6, ''),
(80, 'BR027', 'PCS', '6', '18 June 2021, 9:33', '20 June 2021, 23:08', '2021-06-18', '', 6, ''),
(81, 'BR028', 'PCS', '5', '18 June 2021, 9:34', '23 June 2021, 21:55', '2021-06-18', '', 6, ''),
(82, 'BR026', 'PCS', '3', '18 June 2021, 9:35', NULL, '2021-06-18', '', 6, ''),
(83, 'BR004', 'PCS', '6', '18 June 2021, 9:37', '26 June 2021, 21:26', '2021-06-18', '', 6, ''),
(84, 'BR075', 'PCS', '0', '18 June 2021, 9:37', '23 June 2021, 21:58', '2021-06-18', '', 6, ''),
(85, 'BR001', 'PCS', '1', '18 June 2021, 9:38', '23 June 2021, 2:57', '2021-06-18', '', 6, ''),
(86, 'BR076', 'PCS', '3', '18 June 2021, 9:38', NULL, '2021-06-18', '', 6, ''),
(87, 'BR009', 'PCS', '3', '18 June 2021, 9:39', '23 June 2021, 2:58', '2021-06-18', '', 6, ''),
(88, 'BR002', 'PCS', '13', '18 June 2021, 9:40', '26 June 2021, 6:13', '2021-06-18', '', 6, ''),
(89, 'BR003', 'PCS', '6', '18 June 2021, 9:41', '23 June 2021, 3:03', '2021-06-18', '', 6, ''),
(91, 'BR080', 'PCS', '8', '18 June 2021, 10:03', '19 June 2021, 7:49', '2021-06-18', '', 6, ''),
(92, 'BR008', 'PCS', '42', '18 June 2021, 10:18', '20 June 2021, 22:58', '2021-06-18', '', 6, ''),
(93, 'BR081', 'PCS', '5', '18 June 2021, 10:19', '20 June 2021, 22:58', '2021-06-18', '', 6, ''),
(94, 'BR071', '#', '1', '19 June 2021, 7:46', NULL, '2021-06-19', '', 6, ''),
(95, 'BR070', 'PCS', '2', '19 June 2021, 7:46', NULL, '2021-06-19', '', 6, ''),
(96, 'BR072', 'PCS', '2', '19 June 2021, 7:47', NULL, '2021-06-19', '', 6, ''),
(97, 'BR074', 'PCS', '2', '19 June 2021, 7:47', NULL, '2021-06-19', '', 6, ''),
(98, 'BR068', 'PCS', '2', '19 June 2021, 7:48', '26 June 2021, 2:18', '2021-06-19', '', 6, ''),
(99, 'BR066', 'PCS', '5', '19 June 2021, 8:06', '26 June 2021, 6:06', '2021-06-19', '', 6, ''),
(103, 'BR095', 'PCS', '2', '19 June 2021, 8:07', NULL, '2021-06-19', '', 6, ''),
(104, 'BR084', 'PCS', '1', '19 June 2021, 8:08', NULL, '2021-06-19', '', 6, ''),
(105, 'BR083', 'PCS', '1', '19 June 2021, 8:08', NULL, '2021-06-19', '', 6, ''),
(106, 'BR025', 'PCS', '10', '19 June 2021, 8:18', '21 June 2021, 23:45', '2021-06-19', '', 6, ''),
(107, 'BR098', 'PCS', '14', '19 June 2021, 23:23', '26 June 2021, 0:21', '2021-06-19', '', 6, ''),
(108, 'BR079', '#', '10', '19 June 2021, 23:50', NULL, '2021-06-19', '', 6, ''),
(110, 'BR082', 'PCS', '1', '20 June 2021, 0:33', NULL, '2021-06-20', '', 6, ''),
(111, 'BR099', 'PCS', '3', '20 June 2021, 3:14', '23 June 2021, 3:55', '2021-06-20', '', 6, ''),
(112, 'BR032', 'PCS', '3', '20 June 2021, 3:21', NULL, '2021-06-20', '', 6, ''),
(113, 'BR102', 'PCS', '3', '20 June 2021, 4:03', NULL, '2021-06-20', '', 6, ''),
(118, 'BR103', 'PCS', '2', '20 June 2021, 5:56', NULL, '2021-06-20', '', 6, ''),
(119, 'BR105', 'PCS', '4', '20 June 2021, 5:56', NULL, '2021-06-20', '', 6, ''),
(120, 'BR106', 'PCS', '12', '20 June 2021, 6:08', '22 June 2021, 1:37', '2021-06-20', '', 6, ''),
(121, 'BR107', 'PCS', '25', '20 June 2021, 8:25', '23 June 2021, 3:31', '2021-06-20', '', 6, ''),
(122, 'BR100', 'PCS', '12', '20 June 2021, 10:07', '26 June 2021, 22:02', '2021-06-20', '', 6, ''),
(123, 'BR108', 'PCS', '4', '20 June 2021, 23:12', NULL, '2021-06-20', '', 6, ''),
(124, 'BR109', 'PCS', '5', '20 June 2021, 23:12', '24 June 2021, 22:00', '2021-06-20', '', 6, ''),
(125, 'BR110', 'PCS', '7', '20 June 2021, 23:13', '25 June 2021, 22:58', '2021-06-20', '', 6, ''),
(127, 'BR112', 'PCS', '2', '21 June 2021, 1:51', NULL, '2021-06-21', '', 6, ''),
(128, 'BR088', 'PCS', '0', '21 June 2021, 3:41', NULL, '2021-06-21', '', 6, ''),
(129, 'BR114', 'PCS', '17', '21 June 2021, 6:20', '26 June 2021, 5:47', '2021-06-21', '', 6, ''),
(130, 'BR020', 'PCS', '5', '21 June 2021, 22:20', NULL, '2021-06-21', '', 6, ''),
(131, 'BR116', 'PCS', '1', '21 June 2021, 22:23', '25 June 2021, 22:45', '2021-06-21', '', 6, ''),
(132, 'BR101', 'PCS', '0', '21 June 2021, 22:30', NULL, '2021-06-21', '', 6, ''),
(133, 'BR069', 'PCS', '7', '22 June 2021, 1:40', NULL, '2021-06-22', '', 6, ''),
(134, 'BR117', 'PCS', '12', '22 June 2021, 1:43', '22 June 2021, 1:44', '2021-06-22', '', 6, ''),
(135, 'BR118', '#', '4', '23 June 2021, 3:39', NULL, '2021-06-23', '', 6, ''),
(136, 'BR086', 'PCS', '5', '23 June 2021, 3:41', NULL, '2021-06-23', '', 6, ''),
(137, 'BR087', 'PCS', '5', '23 June 2021, 3:42', NULL, '2021-06-23', '', 6, ''),
(138, 'BR085', 'PCS', '4', '23 June 2021, 3:43', NULL, '2021-06-23', '', 6, ''),
(139, 'BR067', 'PCS', '5', '23 June 2021, 3:44', NULL, '2021-06-23', '', 6, ''),
(142, 'BR034', 'PCS', '2', '23 June 2021, 3:46', '26 June 2021, 1:29', '2021-06-23', '', 6, ''),
(143, 'BR072', 'PCS', '2', '23 June 2021, 3:48', NULL, '2021-06-23', '', 6, ''),
(144, 'BR038', 'PCS', '18', '23 June 2021, 3:49', NULL, '2021-06-23', '', 6, ''),
(146, 'BR037', 'PCS', '19', '23 June 2021, 4:18', NULL, '2021-06-23', '', 6, ''),
(147, 'BR090', 'PCS', '2', '23 June 2021, 4:31', '26 June 2021, 2:19', '2021-06-23', '', 6, ''),
(151, 'BR059', 'PCS', '3', '23 June 2021, 4:39', '25 June 2021, 23:09', '2021-06-23', '', 6, ''),
(152, 'BR064', 'PCS', '5', '23 June 2021, 4:43', '26 June 2021, 2:17', '2021-06-23', '', 6, ''),
(153, 'BR093', 'PCS', '3', '23 June 2021, 4:45', '26 June 2021, 2:21', '2021-06-23', '', 6, ''),
(154, 'BR089', 'PCS', '5', '23 June 2021, 4:48', '26 June 2021, 6:04', '2021-06-23', '', 6, ''),
(155, 'BR058', 'PCS', '6', '23 June 2021, 4:50', '26 June 2021, 0:11', '2021-06-23', '', 6, ''),
(156, 'BR060', 'PCS', '4', '23 June 2021, 4:51', '26 June 2021, 1:40', '2021-06-23', '', 6, ''),
(157, 'BR065', 'PCS', '10', '23 June 2021, 4:55', '26 June 2021, 5:57', '2021-06-23', '', 6, ''),
(163, 'BR062', 'PCS', '4', '23 June 2021, 5:10', '26 June 2021, 2:13', '2021-06-23', '', 6, ''),
(164, 'BR061', 'PCS', '3', '23 June 2021, 5:12', '26 June 2021, 1:41', '2021-06-23', '', 6, ''),
(168, 'BR047', 'PCS', '0', '23 June 2021, 5:18', '26 June 2021, 1:23', '2021-06-23', '', 6, ''),
(170, 'BR054', 'PCS', '11', '23 June 2021, 5:20', '26 June 2021, 0:12', '2021-06-23', '', 6, ''),
(171, 'BR051', 'PCS', '19', '23 June 2021, 5:21', '25 June 2021, 3:39', '2021-06-23', '', 6, ''),
(172, 'BR050', 'PCS', '1', '23 June 2021, 5:23', '24 June 2021, 22:18', '2021-06-23', '', 6, ''),
(175, 'BR091', 'PCS', '3', '23 June 2021, 5:29', '26 June 2021, 2:20', '2021-06-23', '', 6, ''),
(176, 'BR111', 'PCS', '3', '23 June 2021, 5:30', '26 June 2021, 2:25', '2021-06-23', '', 6, ''),
(177, 'BR014', 'PCS', '3', '23 June 2021, 5:34', '26 June 2021, 1:28', '2021-06-23', '', 6, ''),
(179, 'BR122', 'PCS', '3', '23 June 2021, 22:00', NULL, '2021-06-23', '', 6, ''),
(180, 'BR123', 'PCS', '0', '23 June 2021, 22:44', NULL, '2021-06-23', '', 6, ''),
(183, 'BR126', 'PCS', '25', '24 June 2021, 22:04', NULL, '2021-06-24', '', 6, ''),
(184, 'BR127', 'PCS', '21', '24 June 2021, 22:04', NULL, '2021-06-24', '', 6, ''),
(185, 'BR063', 'PCS', '5', '24 June 2021, 22:08', '26 June 2021, 2:14', '2021-06-24', '', 6, ''),
(186, 'BR053', 'PCS', '23', '24 June 2021, 22:17', '26 June 2021, 0:11', '2021-06-24', '', 6, ''),
(188, 'BR055', 'PCS', '10', '24 June 2021, 22:18', '26 June 2021, 0:12', '2021-06-24', '', 6, ''),
(189, 'BR052', 'PCS', '11', '24 June 2021, 22:18', NULL, '2021-06-24', '', 6, ''),
(190, 'BR057', 'PCS', '3', '24 June 2021, 22:18', '26 June 2021, 0:11', '2021-06-24', '', 6, ''),
(191, 'BR120', 'PCS', '2', '24 June 2021, 22:20', NULL, '2021-06-24', '', 6, ''),
(192, 'BR121', 'PCS', '4', '24 June 2021, 22:20', NULL, '2021-06-24', '', 6, ''),
(194, 'BR128', 'PCS', '983', '25 June 2021, 2:11', NULL, '2021-06-25', '', 6, ''),
(196, 'BR129', 'PCS', '5', '25 June 2021, 23:00', NULL, '2021-06-25', '', 6, ''),
(197, 'BR130', 'PCS', '9', '26 June 2021, 0:20', NULL, '2021-06-26', '', 6, ''),
(198, 'BR094', 'PCS', '2', '26 June 2021, 2:26', NULL, '2021-06-26', '', 6, ''),
(199, 'BR078', 'PCS', '1', '26 June 2021, 2:55', NULL, '2021-06-26', '', 6, ''),
(202, 'BR132', 'PCS', '1', '26 June 2021, 3:12', '', '2021-06-26', '', 6, '');

-- --------------------------------------------------------

--
-- Table structure for table `barang_name`
--

CREATE TABLE `barang_name` (
  `id` int(11) NOT NULL,
  `id_barang` varchar(255) NOT NULL,
  `nama_barang` varchar(255) NOT NULL,
  `id_kategori` int(11) NOT NULL,
  `harga_jual` varchar(255) NOT NULL,
  `disc` varchar(11) NOT NULL,
  `tgl_input` varchar(255) NOT NULL,
  `tgl_update` varchar(255) NOT NULL,
  `id_cabang` int(11) NOT NULL,
  `id_kat` int(11) NOT NULL
) ENGINE=InnoDB DEFAULT CHARSET=latin1;

--
-- Dumping data for table `barang_name`
--

INSERT INTO `barang_name` (`id`, `id_barang`, `nama_barang`, `id_kategori`, `harga_jual`, `disc`, `tgl_input`, `tgl_update`, `id_cabang`, `id_kat`) VALUES
(26, 'BR001', 'Risoles', 5, '3000', '0', '17 June 2021, 16:36', '21 June 2021, 22:28', 6, 2),
(27, 'BR002', 'Nagasari', 5, '2500', '', '17 June 2021, 16:36', '', 6, 2),
(28, 'BR003', 'SERABI', 11, '2500', '0', '17 June 2021, 16:36', '20 June 2021, 5:07', 6, 2),
(29, 'BR004', 'Kue qu', 11, '2500', '0', '17 June 2021, 16:37', '20 June 2021, 5:06', 6, 2),
(30, 'BR005', 'Semar Mendem', 11, '2500', '0', '17 June 2021, 16:37', '20 June 2021, 5:08', 6, 2),
(31, 'BR006', 'Dadar Gulung ', 5, '2500', '', '17 June 2021, 16:38', '', 6, 2),
(32, 'BR007', 'Martabak', 11, '2500', '0', '17 June 2021, 16:38', '20 June 2021, 5:06', 6, 2),
(33, 'BR008', 'Bronis Kukus Kecil ', 5, '3000', '', '17 June 2021, 16:39', '', 6, 2),
(34, 'BR009', 'Sosis Solo ', 5, '2500', '', '17 June 2021, 16:40', '', 6, 2),
(35, 'BR010', 'Samosa ', 5, '3000', '', '17 June 2021, 16:40', '21 June 2021, 22:28', 6, 2),
(36, 'BR011', 'Lemper Bakar ', 11, '2500', '0', '17 June 2021, 16:40', '21 June 2021, 2:15', 6, 2),
(37, 'BR012', 'Lemper Rebus ', 11, '2500', '0', '17 June 2021, 16:40', '20 June 2021, 5:01', 6, 2),
(38, 'BR013', 'Talam ', 5, '2500', '', '17 June 2021, 16:40', '', 6, 2),
(39, 'BR014', 'Bolen ', 5, '3000', '', '17 June 2021, 16:40', '', 6, 2),
(40, 'BR015', 'Tahu Sakura', 11, '3000', '0', '17 June 2021, 16:40', '21 June 2021, 22:29', 6, 2),
(42, 'BR017', 'Nasi Kuning B.', 11, '6000', '0', '17 June 2021, 16:40', '20 June 2021, 5:02', 6, 2),
(43, 'BR018', 'Nasi Kuning K.', 11, '4000', '0', '17 June 2021, 16:40', '20 June 2021, 5:02', 6, 2),
(44, 'BR019', 'Kue Lumpur', 11, '2500', '0', '17 June 2021, 16:40', '20 June 2021, 5:02', 6, 2),
(45, 'BR020', 'Pastel', 11, '2500', '0', '17 June 2021, 16:40', '20 June 2021, 5:02', 6, 2),
(46, 'BR021', 'Lapis Bunga', 11, '2500', '0', '17 June 2021, 16:40', '20 June 2021, 5:03', 6, 2),
(47, 'BR022', 'Timus', 11, '2000', '0', '17 June 2021, 16:40', '20 June 2021, 5:03', 6, 2),
(48, 'BR023', 'Tahu Jeletot', 11, '2500', '0', '17 June 2021, 16:40', '20 June 2021, 5:03', 6, 2),
(49, 'BR024', 'Gulas', 5, '8000', '', '17 June 2021, 16:40', '21 June 2021, 1:27', 6, 2),
(50, 'BR025', 'Lapis Pelangi', 11, '2500', '0', '17 June 2021, 16:40', '20 June 2021, 5:04', 6, 2),
(51, 'BR026', 'Wingko', 11, '2500', '0', '17 June 2021, 16:40', '20 June 2021, 5:04', 6, 2),
(52, 'BR027', 'Minas', 11, '2500', '0', '17 June 2021, 16:40', '20 June 2021, 5:04', 6, 2),
(53, 'BR028', 'Sentiling', 11, '2500', '0', '17 June 2021, 16:40', '20 June 2021, 5:04', 6, 2),
(54, 'BR029', 'Martabak Manis', 11, '2500', '0', '17 June 2021, 16:40', '20 June 2021, 5:05', 6, 2),
(55, 'BR030', 'Klepon Ubi', 11, '2500', '0', '17 June 2021, 16:40', '20 June 2021, 5:05', 6, 2),
(56, 'BR031', 'Tahu Bakso', 11, '3000', '0', '17 June 2021, 16:40', '21 June 2021, 22:29', 6, 2),
(59, 'BR033', 'Sale', 5, '15000', '', '17 June 2021, 16:40', '19 June 2021, 8:01', 6, 2),
(60, 'BR034', 'Biting', 5, '6000', '', '17 June 2021, 16:40', '19 June 2021, 8:01', 6, 2),
(61, 'BR035', 'Milky', 5, '10000', '', '17 June 2021, 16:40', '', 6, 2),
(62, 'BR036', 'Puding', 11, '2500', '0', '17 June 2021, 16:40', '20 June 2021, 5:08', 6, 2),
(63, 'BR037', 'Shanana', 5, '15000', '', '17 June 2021, 16:40', '', 6, 2),
(64, 'BR038', 'Roti Kering', 5, '15000', '', '17 June 2021, 16:40', '', 6, 2),
(65, 'BR039', 'Bolu Ring Kecil', 5, '2500', '', '17 June 2021, 16:40', '', 6, 2),
(66, 'BR040', 'Roti Pisang', 5, '2500', '', '17 June 2021, 16:40', '', 6, 2),
(67, 'BR041', 'Roti Kacang', 5, '12000', '', '17 June 2021, 16:40', '', 6, 2),
(68, 'BR042', 'Sobek Coklat', 5, '9000', '', '17 June 2021, 16:40', '23 June 2021, 10:25', 6, 1),
(69, 'BR043', 'Sobek keju', 5, '9000', '', '17 June 2021, 16:40', '23 June 2021, 10:25', 6, 1),
(70, 'BR044', 'Sobek Coklat Keju', 5, '9000', '', '17 June 2021, 16:40', '23 June 2021, 10:26', 6, 1),
(71, 'BR045', 'Sobek Kepang Strawberry', 5, '6000', '', '17 June 2021, 16:40', '', 6, 1),
(72, 'BR046', 'Sobek Kepang Blueberry', 5, '6000', '', '17 June 2021, 16:40', '', 6, 1),
(73, 'BR047', 'Sobek Kepang Banana', 5, '6000', '', '17 June 2021, 16:40', '', 6, 1),
(74, 'BR048', 'Sobek Kepang Coklat Strudel', 5, '9000', '', '17 June 2021, 16:40', '', 6, 1),
(75, 'BR049', 'Sobek Kepang Keju Strudel', 5, '9000', '', '17 June 2021, 16:40', '', 6, 1),
(76, 'BR050', 'Donat Keju', 5, '3000', '', '17 June 2021, 16:40', '', 6, 1),
(77, 'BR051', 'Donat Coklat', 5, '3000', '', '17 June 2021, 16:40', '', 6, 1),
(78, 'BR052', 'Donat Kacang', 5, '3000', '', '17 June 2021, 16:40', '', 6, 1),
(79, 'BR053', 'Zebra Potong Coklat', 5, '3500', '', '17 June 2021, 16:40', '', 6, 1),
(80, 'BR054', 'Zebra Potong Pandan', 5, '3500', '', '17 June 2021, 16:40', '', 6, 1),
(81, 'BR055', 'Bronis Potong', 5, '3500', '', '17 June 2021, 16:40', '', 6, 1),
(82, 'BR056', 'Tawar Klasik', 5, '5000', '', '17 June 2021, 16:40', '', 6, 1),
(83, 'BR057', 'Tawar Susu', 5, '7000', '', '17 June 2021, 16:40', '', 6, 1),
(84, 'BR058', 'Mugewa Bar', 5, '23000', '', '17 June 2021, 16:40', '', 6, 1),
(85, 'BR059', 'Kasur Varian Kelapa', 5, '18000', '', '17 June 2021, 16:40', '20 June 2021, 23:26', 6, 1),
(86, 'BR060', 'Kasur Varian Coklat', 5, '18000', '', '17 June 2021, 16:40', '20 June 2021, 23:26', 6, 1),
(87, 'BR061', 'Kasur Varian Keju', 5, '18000', '', '17 June 2021, 16:40', '20 June 2021, 23:27', 6, 1),
(88, 'BR062', 'Kasur Varian Vanila', 5, '18000', '', '17 June 2021, 16:40', '20 June 2021, 23:27', 6, 1),
(89, 'BR063', 'Kasur Varian Strawberry', 5, '18000', '', '17 June 2021, 16:40', '20 June 2021, 23:27', 6, 1),
(90, 'BR064', 'Kasur Varian Blueberry', 5, '18000', '', '17 June 2021, 16:40', '20 June 2021, 23:27', 6, 1),
(91, 'BR065', 'kasur Besar Toping Coklat Keju', 5, '33000', '', '17 June 2021, 16:40', '', 6, 1),
(92, 'BR066', 'Krumpul Keju', 5, '23000', '', '17 June 2021, 16:40', '20 June 2021, 23:27', 6, 1),
(0, 'BR067', 'Kopikat', 8, '25000', '', '18 June 2021, 9:23', '', 6, 2),
(0, 'BR068', 'bubuk coklat Al', 8, '30000', '', '18 June 2021, 9:23', '', 6, 2),
(0, 'BR069', 'Mushroom ', 5, '15000', '', '18 June 2021, 9:24', '', 6, 2),
(0, 'BR070', 'kripik Pare', 6, '18000', '', '18 June 2021, 9:25', '', 6, 2),
(0, 'BR071', 'kripik bayem', 6, '13000', '', '18 June 2021, 9:25', '', 6, 2),
(0, 'BR072', 'stik gurih', 6, '17000', '', '18 June 2021, 9:26', '', 6, 2),
(0, 'BR073', 'peyek kacang', 6, '14000', '', '18 June 2021, 9:27', '', 6, 2),
(0, 'BR074', 'kripik ikan', 6, '15000', '', '18 June 2021, 9:27', '', 6, 2),
(0, 'BR075', 'kuequ jambu', 6, '2500', '', '18 June 2021, 9:28', '', 6, 2),
(0, 'BR076', 'gabin telur', 5, '2500', '', '18 June 2021, 9:29', '', 6, 2),
(0, 'BR077', 'roll taper', 11, '2500', '0', '18 June 2021, 9:29', '20 June 2021, 5:08', 6, 2),
(0, 'BR078', 'test', 11, '2', '0', '18 June 2021, 9:46', '21 June 2021, 7:32', 6, 2),
(0, 'BR079', 'cireng', 9, '15000', '', '18 June 2021, 10:01', '', 6, 2),
(0, 'BR080', 'F1 tahu bakso', 9, '18000', '', '18 June 2021, 10:02', '', 6, 2),
(0, 'BR081', 'brownis keju', 5, '3000', '', '18 June 2021, 10:19', '', 6, 2),
(0, 'BR082', 'bolen besar', 2, '28000', '', '19 June 2021, 7:55', '', 6, 2),
(0, 'BR083', 'kripik bkacang', 6, '13000', '', '19 June 2021, 7:56', '', 6, 2),
(0, 'BR084', 'kripik tahu', 6, '18000', '', '19 June 2021, 7:56', '', 6, 2),
(0, 'BR085', 'teh hijau premium', 8, '23000', '', '19 June 2021, 7:57', '', 6, 2),
(0, 'BR086', 'teh hijau ', 8, '15000', '', '19 June 2021, 7:59', '19 June 2021, 8:00', 6, 2),
(0, 'BR087', 'teh hitam premium', 8, '22000', '', '19 June 2021, 7:59', '', 6, 2),
(0, 'BR088', 'onde onde ketawa', 5, '15000', '', '19 June 2021, 8:01', '', 6, 2),
(0, 'BR089', 'krumpul coklat', 10, '23000', '', '19 June 2021, 8:02', '20 June 2021, 23:28', 6, 1),
(0, 'BR090', 'krumpul almond', 10, '23000', '', '19 June 2021, 8:03', '20 June 2021, 23:28', 6, 1),
(0, 'BR091', 'krumpul vanila', 10, '23000', '', '19 June 2021, 8:04', '20 June 2021, 23:28', 6, 1),
(0, 'BR092', 'krumpul 5 rasa', 10, '23000', '', '19 June 2021, 8:04', '20 June 2021, 23:28', 6, 1),
(0, 'BR093', 'krumpul abon', 10, '23000', '', '19 June 2021, 8:04', '20 June 2021, 23:28', 6, 1),
(0, 'BR094', 'krumpul kismis', 10, '23000', '', '19 June 2021, 8:05', '20 June 2021, 23:29', 6, 1),
(0, 'BR095', 'tempe jeletot', 10, '2500', '', '19 June 2021, 8:05', '', 6, 1),
(0, 'BR096', 'F2 tahu bakso ', 9, '15000', '', '19 June 2021, 8:05', '', 6, 2),
(0, 'BR098', 'bolu kukus', 10, '2500', '', '19 June 2021, 23:20', '', 6, 1),
(0, 'BR099', 'puding mangga', 5, '2500', '', '20 June 2021, 3:13', '', 6, 2),
(0, 'BR100', 'puding kacang ijo', 5, '2500', '', '20 June 2021, 3:13', '', 6, 2),
(0, 'BR101', 'boci', 9, '20000', '', '20 June 2021, 3:20', '', 6, 2),
(0, 'BR102', 'Asinan buah ', 5, '12000', '', '20 June 2021, 3:56', '20 June 2021, 3:57', 6, 2),
(0, 'BR103', 'Sobek Besar Coklat ', 10, '9000', '', '20 June 2021, 5:53', '', 6, 1),
(0, 'BR104', 'Sobek Besar Keju ', 10, '9000', '', '20 June 2021, 5:54', '', 6, 1),
(0, 'BR105', 'Sobek Besar Coklat Keju ', 10, '9000', '', '20 June 2021, 5:54', '', 6, 1),
(0, 'BR106', 'Arem-Arem', 5, '2500', '', '20 June 2021, 6:07', '', 6, 2),
(0, 'BR107', 'Bolu Gula Jawa', 5, '2500', '', '20 June 2021, 8:24', '', 6, 2),
(0, 'BR108', 'mendut ', 5, '2500', '', '20 June 2021, 23:11', '', 6, 2),
(0, 'BR109', 'martabak manis', 5, '2500', '', '20 June 2021, 23:11', '', 6, 2),
(0, 'BR110', 'mata sapi', 5, '2500', '', '20 June 2021, 23:11', '', 6, 2),
(0, 'BR111', 'krumpul coklat keju', 5, '23000', '', '20 June 2021, 23:18', '20 June 2021, 23:29', 6, 1),
(0, 'BR112', 'lapis pandan', 5, '2500', '', '21 June 2021, 0:05', '', 6, 2),
(0, 'BR113', 'onde onde ketawa', 6, '15000', '', '21 June 2021, 3:41', '', 6, 1),
(0, 'BR114', 'dotuku', 5, '2500', '', '21 June 2021, 6:19', '', 6, 2),
(0, 'BR115', 'Pastel', 5, '2500', '', '21 June 2021, 22:20', '', 6, 2),
(0, 'BR116', 'Cum Cum', 5, '3000', '', '21 June 2021, 22:22', '', 6, 2),
(0, 'BR117', 'mie biting boix', 6, '12000', '', '22 June 2021, 1:42', '', 6, 2),
(0, 'BR118', 'kripik tempe', 6, '15000', '', '23 June 2021, 3:36', '23 June 2021, 3:37', 6, 2),
(0, 'BR119', 'tape', 5, '20000', '', '23 June 2021, 3:47', '', 6, 2),
(0, 'BR120', 'kacang mette', 6, '40000', '', '23 June 2021, 3:51', '', 6, 2),
(0, 'BR121', 'kacang tanah', 6, '30000', '', '23 June 2021, 3:53', '', 6, 2),
(0, 'BR122', 'Marmer', 5, '2500', '', '23 June 2021, 21:59', '', 6, 2),
(0, 'BR123', 'Jahe Instan', 5, '30000', '', '23 June 2021, 22:43', '', 6, 2),
(0, 'BR124', 'oval coklat', 10, '3000', '', '24 June 2021, 9:16', '26 June 2021, 0:44', 6, 1),
(0, 'BR125', 'kotak keju', 10, '3000', '', '24 June 2021, 9:17', '', 6, 1),
(0, 'BR126', 'roti oval', 5, '3000', '', '24 June 2021, 22:03', '26 June 2021, 0:48', 6, 1),
(0, 'BR127', 'roti kotak', 5, '3000', '', '24 June 2021, 22:03', '26 June 2021, 0:46', 6, 1),
(0, 'BR128', 'kardus', 10, '500', '', '25 June 2021, 2:10', '', 6, 1),
(0, 'BR129', 'warna warni', 5, '2500', '', '25 June 2021, 22:59', '', 6, 2),
(0, 'BR130', 'ikan asin', 6, '15000', '', '26 June 2021, 0:20', '', 6, 2),
(0, 'BR131', 'krumpul kismis', 10, '20000', '', '26 June 2021, 2:25', '', 6, 2),
(0, 'BR132', 'tester1', 5, '1', '', '26 June 2021, 3:05', '', 6, 1);

-- --------------------------------------------------------

--
-- Table structure for table `bulan`
--

CREATE TABLE `bulan` (
  `id` int(11) NOT NULL,
  `nama_bulan` varchar(255) NOT NULL
) ENGINE=InnoDB DEFAULT CHARSET=latin1;

--
-- Dumping data for table `bulan`
--

INSERT INTO `bulan` (`id`, `nama_bulan`) VALUES
(1, 'January'),
(2, 'February'),
(3, 'March'),
(4, 'April'),
(5, 'May'),
(6, 'June'),
(7, 'July'),
(8, 'August'),
(9, 'September'),
(10, 'October'),
(11, 'November'),
(12, 'December');

-- --------------------------------------------------------

--
-- Table structure for table `cabang`
--

CREATE TABLE `cabang` (
  `id_cabang` int(11) NOT NULL,
  `nama_cabang` varchar(255) NOT NULL,
  `alamat` text NOT NULL,
  `tgl_input` varchar(255) NOT NULL,
  `tgl_update` varchar(255) NOT NULL
) ENGINE=InnoDB DEFAULT CHARSET=latin1;

--
-- Dumping data for table `cabang`
--

INSERT INTO `cabang` (`id_cabang`, `nama_cabang`, `alamat`, `tgl_input`, `tgl_update`) VALUES
(1, 'Lebaksiu', 'Jalan Raya Lebaksiu samping Pasar Lebaksiu', '19 March 2021, 8:44', '19 March 2021, 9:45'),
(3, 'Weleri', 'Weleri', '23 March 2021, 10:44', ''),
(5, 'paninggaran', 'paninggaran\r\n', '', ''),
(6, 'Nusantara', 'Jl. Dr. Wahidin', '', '');

-- --------------------------------------------------------

--
-- Table structure for table `kategori`
--

CREATE TABLE `kategori` (
  `id_kategori` int(11) NOT NULL,
  `nama_kategori` varchar(255) NOT NULL,
  `tgl_input` varchar(255) NOT NULL,
  `tgl_update` varchar(255) NOT NULL
) ENGINE=InnoDB DEFAULT CHARSET=latin1;

--
-- Dumping data for table `kategori`
--

INSERT INTO `kategori` (`id_kategori`, `nama_kategori`, `tgl_input`, `tgl_update`) VALUES
(1, 'Chiffon', '22 March 2021, 9:04', ''),
(2, 'Bolu', '22 March 2021, 9:04', ''),
(3, 'Paket', '27 March 2021, 8:45', ''),
(4, 'Tart', '28 March 2021, 11:28', ''),
(5, 'Snack', '29 March 2021, 9:11', '29 March 2021, 9:15'),
(6, 'Kering', '10 May 2021, 9:13', ''),
(7, 'Minuman instan', '18 June 2021, 9:23', ''),
(8, 'minuman racik', '18 June 2021, 9:23', ''),
(9, 'frozen food', '18 June 2021, 10:00', ''),
(10, 'roti', '19 June 2021, 8:02', ''),
(11, 'jajanan pasar', '20 June 2021, 4:41', '');

-- --------------------------------------------------------

--
-- Table structure for table `kategori_brg`
--

CREATE TABLE `kategori_brg` (
  `idbrg` int(11) NOT NULL,
  `nama_kat` varchar(225) NOT NULL
) ENGINE=InnoDB DEFAULT CHARSET=latin1;

--
-- Dumping data for table `kategori_brg`
--

INSERT INTO `kategori_brg` (`idbrg`, `nama_kat`) VALUES
(1, 'ORIGINAL'),
(2, 'UMKM'),
(5, 'st'),
(6, 'dt');

-- --------------------------------------------------------

--
-- Table structure for table `keranjang`
--

CREATE TABLE `keranjang` (
  `id_keranjang` int(11) NOT NULL,
  `id_barang` varchar(255) NOT NULL,
  `id_member` int(11) NOT NULL,
  `stok` varchar(255) NOT NULL,
  `id_cabang` int(11) NOT NULL
) ENGINE=InnoDB DEFAULT CHARSET=latin1;

-- --------------------------------------------------------

--
-- Table structure for table `login`
--

CREATE TABLE `login` (
  `id_login` int(11) NOT NULL,
  `user` varchar(255) NOT NULL,
  `pass` char(32) NOT NULL,
  `id_member` int(11) NOT NULL,
  `role` varchar(255) NOT NULL,
  `id_cabang` int(11) NOT NULL
) ENGINE=InnoDB DEFAULT CHARSET=latin1;

--
-- Dumping data for table `login`
--

INSERT INTO `login` (`id_login`, `user`, `pass`, `id_member`, `role`, `id_cabang`) VALUES
(1, 'admin', '202cb962ac59075b964b07152d234b70', 1, 'admin', 6),
(3, 'zaky', '202cb962ac59075b964b07152d234b70', 5, 'kasir', 3),
(4, 'rama', '950a4152c2b4aa3ad78bdd6b366cc179', 7, 'superuser', 3),
(5, 'ramadhan', '950a4152c2b4aa3ad78bdd6b366cc179', 8, 'admin', 3),
(8, 'kayz', '202cb962ac59075b964b07152d234b70', 11, 'admin', 1),
(9, 'fatih', '202cb962ac59075b964b07152d234b70', 12, 'admin', 5),
(10, 'fatihkasir', '202cb962ac59075b964b07152d234b70', 12, 'kasir', 5),
(11, 'septiana', '202cb962ac59075b964b07152d234b70', 13, 'kasir', 6),
(12, 'windy', '202cb962ac59075b964b07152d234b70', 14, 'admin', 6),
(13, 'Almeida', '202cb962ac59075b964b07152d234b70', 15, 'kasir', 6),
(14, 'Merris', '202cb962ac59075b964b07152d234b70', 16, 'kasir', 6);

-- --------------------------------------------------------

--
-- Table structure for table `member`
--

CREATE TABLE `member` (
  `id_member` int(11) NOT NULL,
  `nm_member` varchar(255) NOT NULL,
  `alamat_member` text NOT NULL,
  `telepon` varchar(255) NOT NULL,
  `email` varchar(255) NOT NULL,
  `gambar` text NOT NULL,
  `NIK` text NOT NULL
) ENGINE=InnoDB DEFAULT CHARSET=latin1;

--
-- Dumping data for table `member`
--

INSERT INTO `member` (`id_member`, `nm_member`, `alamat_member`, `telepon`, `email`, `gambar`, `NIK`) VALUES
(1, 'Fauzan Falah', 'Kesuben', '085802908730', '3456789876', 'hapusmulut.png', '3328060312000007'),
(5, 'Muhamad Zaky Ramadhan', 'Durensawit, Kesuben', '085802908730', 'zakyrama312@gmail.com', 'mata.png', '3328060312000007'),
(7, 'Zaky Rama', 'Kesuben', '093502522', 'zakyrama312@gmail.com', 'user.png', '3328060312000007'),
(8, 'Zaky Ramadhan', 'Kesuben', '085802908730', 'zakyrama312@gmail.com', 'birds_PNG108.png', '332093409210'),
(11, 'Kayz', 'kesuben', '1241', 'kayz@gmail.com', '-', '123345'),
(12, 'fatih', '-', '-', '-', '', '-'),
(13, 'Septiana', '-', '-', '-', '-', '-'),
(14, 'Windy Meris Marianantika', '-', '-', '-', '-', '0895377050935'),
(15, 'Almeida', '-', '-', '-', '-', '-'),
(16, 'Merris', '-', '-', '-', '-', '-'),
(17, 'Merris', '-', '-', '-', '-', '-');

-- --------------------------------------------------------

--
-- Table structure for table `nota`
--

CREATE TABLE `nota` (
  `id_nota` int(11) NOT NULL,
  `id_barang` varchar(255) NOT NULL,
  `id_member` int(11) NOT NULL,
  `invoice` varchar(100) NOT NULL,
  `jumlah` varchar(255) NOT NULL,
  `total` varchar(255) NOT NULL,
  `tanggal_input` varchar(255) NOT NULL,
  `periode` varchar(255) DEFAULT NULL
) ENGINE=InnoDB DEFAULT CHARSET=latin1;

--
-- Dumping data for table `nota`
--

INSERT INTO `nota` (`id_nota`, `id_barang`, `id_member`, `invoice`, `jumlah`, `total`, `tanggal_input`, `periode`) VALUES
(72, 'BR037', 13, 'NS00001', '1', '33000', '18 June 2021, 9:45', '2021-06-18'),
(73, 'BR065', 13, 'NS00001', '1', '33000', '18 June 2021, 9:45', '2021-06-18'),
(83, 'BR036', 13, 'NS00002', '1', '2500', '18 June 2021, 10:07', '2021-06-18'),
(84, 'BR002', 13, 'NS00002', '1', '2500', '18 June 2021, 10:07', '2021-06-18'),
(85, 'BR022', 13, 'NS00002', '1', '2500', '18 June 2021, 10:07', '2021-06-18'),
(86, 'BR021', 13, 'NS00002', '1', '2500', '18 June 2021, 10:07', '2021-06-18'),
(87, 'BR027', 13, 'NS00002', '1', '2500', '18 June 2021, 10:07', '2021-06-18'),
(88, 'BR026', 13, 'NS00003', '5', '12500', '18 June 2021, 10:14', '2021-06-18'),
(89, 'BR022', 13, 'NS00003', '4', '12500', '18 June 2021, 10:14', '2021-06-18'),
(90, 'BR010', 13, 'NS00003', '5', '12500', '18 June 2021, 10:14', '2021-06-18'),
(91, 'BR075', 13, 'NS00003', '5', '12500', '18 June 2021, 10:14', '2021-06-18'),
(92, 'BR027', 13, 'NS00003', '1', '12500', '18 June 2021, 10:14', '2021-06-18'),
(93, 'BR019', 13, 'NS00003', '1', '12500', '18 June 2021, 10:14', '2021-06-18'),
(94, 'BR010', 13, 'NS00004', '2', '3000', '18 June 2021, 10:44', '2021-06-18'),
(95, 'BR031', 13, 'NS00004', '1', '3000', '18 June 2021, 10:44', '2021-06-18'),
(96, 'BR021', 13, 'NS00004', '1', '3000', '18 June 2021, 10:44', '2021-06-18'),
(97, 'BR006', 13, 'NS00004', '1', '3000', '18 June 2021, 10:44', '2021-06-18'),
(98, 'BR027', 13, 'NS00004', '1', '3000', '18 June 2021, 10:44', '2021-06-18'),
(99, 'BR049', 13, 'NS00005', '1', '2500', '18 June 2021, 10:58', '2021-06-18'),
(100, 'BR010', 13, 'NS00005', '1', '2500', '18 June 2021, 10:58', '2021-06-18'),
(101, 'BR001', 13, 'NS00005', '1', '2500', '18 June 2021, 10:58', '2021-06-18'),
(102, 'BR011', 13, 'NS00005', '1', '2500', '18 June 2021, 10:58', '2021-06-18'),
(103, 'BR050', 13, 'NS00005', '1', '2500', '18 June 2021, 10:58', '2021-06-18'),
(104, 'BR076', 13, 'NS00005', '1', '2500', '18 June 2021, 10:58', '2021-06-18'),
(105, 'BR005', 13, 'NS00006', '1', '2500', '18 June 2021, 10:59', '2021-06-18'),
(106, 'BR021', 13, 'NS00006', '1', '2500', '18 June 2021, 10:59', '2021-06-18'),
(107, 'BR006', 13, 'NS00006', '1', '2500', '18 June 2021, 10:59', '2021-06-18'),
(108, 'BR004', 13, 'NS00006', '1', '2500', '18 June 2021, 10:59', '2021-06-18'),
(109, 'BR003', 13, 'NS00006', '1', '2500', '18 June 2021, 10:59', '2021-06-18'),
(110, 'BR019', 13, 'NS00006', '1', '2500', '18 June 2021, 10:59', '2021-06-18'),
(111, 'BR003', 13, 'NS00007', '2', '33000', '18 June 2021, 11:39', '2021-06-18'),
(112, 'BR022', 13, 'NS00007', '2', '33000', '18 June 2021, 11:39', '2021-06-18'),
(113, 'BR006', 13, 'NS00007', '2', '33000', '18 June 2021, 11:39', '2021-06-18'),
(114, 'BR026', 13, 'NS00007', '1', '33000', '18 June 2021, 11:39', '2021-06-18'),
(115, 'BR011', 13, 'NS00007', '1', '33000', '18 June 2021, 11:39', '2021-06-18'),
(116, 'BR065', 13, 'NS00007', '1', '33000', '18 June 2021, 11:39', '2021-06-18'),
(117, 'BR065', 13, 'NS00008', '1', '2500', '19 June 2021, 8:19', '2021-06-19'),
(118, 'BR023', 13, 'NS00008', '2', '2500', '19 June 2021, 8:19', '2021-06-19'),
(119, 'BR022', 13, 'NS00008', '3', '2500', '19 June 2021, 8:19', '2021-06-19'),
(120, 'BR015', 13, 'NS00008', '3', '2500', '19 June 2021, 8:19', '2021-06-19'),
(121, 'BR095', 13, 'NS00008', '1', '2500', '19 June 2021, 8:19', '2021-06-19'),
(122, 'BR011', 13, 'NS00008', '2', '2500', '19 June 2021, 8:19', '2021-06-19'),
(123, 'BR008', 13, 'NS00008', '1', '2500', '19 June 2021, 8:19', '2021-06-19'),
(124, 'BR065', 13, 'NS00008', '1', '2500', '19 June 2021, 8:19', '2021-06-19'),
(125, 'BR023', 13, 'NS00008', '2', '2500', '19 June 2021, 8:19', '2021-06-19'),
(126, 'BR022', 13, 'NS00008', '3', '2500', '19 June 2021, 8:19', '2021-06-19'),
(127, 'BR015', 13, 'NS00008', '3', '2500', '19 June 2021, 8:19', '2021-06-19'),
(128, 'BR095', 13, 'NS00008', '1', '2500', '19 June 2021, 8:19', '2021-06-19'),
(129, 'BR011', 13, 'NS00008', '2', '2500', '19 June 2021, 8:19', '2021-06-19'),
(130, 'BR008', 13, 'NS00008', '1', '2500', '19 June 2021, 8:19', '2021-06-19'),
(131, 'BR050', 13, 'NS00009', '1', '6000', '19 June 2021, 23:29', '2021-06-19'),
(132, 'BR053', 13, 'NS00009', '1', '6000', '19 June 2021, 23:29', '2021-06-19'),
(133, 'BR011', 13, 'NS00009', '1', '6000', '19 June 2021, 23:29', '2021-06-19'),
(134, 'BR036', 13, 'NS00009', '2', '6000', '19 June 2021, 23:29', '2021-06-19'),
(135, 'BR081', 13, 'NS00009', '2', '6000', '19 June 2021, 23:29', '2021-06-19'),
(136, 'BR098', 13, 'NS00010', '10', '25000', '19 June 2021, 23:33', '2021-06-19'),
(137, 'BR065', 13, 'NS00010', '1', '25000', '19 June 2021, 23:33', '2021-06-19'),
(138, 'BR098', 13, 'NS00011', '17', '42500', '19 June 2021, 23:35', '2021-06-19'),
(139, 'BR052', 13, 'NS00012', '1', '15000', '19 June 2021, 23:51', '2021-06-19'),
(140, 'BR051', 13, 'NS00012', '1', '15000', '19 June 2021, 23:51', '2021-06-19'),
(141, 'BR011', 13, 'NS00012', '2', '15000', '19 June 2021, 23:51', '2021-06-19'),
(142, 'BR079', 13, 'NS00012', '1', '15000', '19 June 2021, 23:51', '2021-06-19'),
(143, 'BR051', 13, 'NS00013', '1', '2500', '19 June 2021, 23:55', '2021-06-19'),
(144, 'BR055', 13, 'NS00013', '1', '2500', '19 June 2021, 23:55', '2021-06-19'),
(145, 'BR095', 13, 'NS00013', '1', '2500', '19 June 2021, 23:55', '2021-06-19'),
(146, 'BR023', 13, 'NS00013', '1', '2500', '19 June 2021, 23:55', '2021-06-19'),
(147, 'BR015', 13, 'NS00014', '2', '2500', '19 June 2021, 23:56', '2021-06-19'),
(148, 'BR023', 13, 'NS00014', '1', '2500', '19 June 2021, 23:56', '2021-06-19'),
(149, 'BR011', 13, 'NS00014', '1', '2500', '19 June 2021, 23:56', '2021-06-19'),
(150, 'BR095', 13, 'NS00015', '4', '10000', '20 June 2021, 0:04', '2021-06-20'),
(151, 'BR022', 13, 'NS00015', '2', '10000', '20 June 2021, 0:04', '2021-06-20'),
(152, 'BR015', 13, 'NS00015', '2', '10000', '20 June 2021, 0:04', '2021-06-20'),
(153, 'BR098', 13, 'NS00015', '4', '10000', '20 June 2021, 0:04', '2021-06-20'),
(154, 'BR055', 13, 'NS00015', '4', '10000', '20 June 2021, 0:04', '2021-06-20'),
(155, 'BR051', 13, 'NS00016', '4', '3000', '20 June 2021, 0:14', '2021-06-20'),
(156, 'BR025', 13, 'NS00016', '1', '3000', '20 June 2021, 0:14', '2021-06-20'),
(157, 'BR081', 13, 'NS00016', '1', '3000', '20 June 2021, 0:14', '2021-06-20'),
(158, 'BR098', 13, 'NS00017', '2', '5000', '20 June 2021, 0:20', '2021-06-20'),
(159, 'BR023', 13, 'NS00017', '1', '5000', '20 June 2021, 0:20', '2021-06-20'),
(160, 'BR011', 13, 'NS00017', '1', '5000', '20 June 2021, 0:20', '2021-06-20'),
(161, 'BR081', 13, 'NS00017', '1', '5000', '20 June 2021, 0:20', '2021-06-20'),
(162, 'BR025', 13, 'NS00017', '1', '5000', '20 June 2021, 0:20', '2021-06-20'),
(163, 'BR065', 13, 'NS00017', '1', '5000', '20 June 2021, 0:20', '2021-06-20'),
(164, 'BR082', 13, 'NS00018', '1', '28000', '20 June 2021, 0:34', '2021-06-20'),
(165, 'BR043', 13, 'NS00018', '1', '28000', '20 June 2021, 0:34', '2021-06-20'),
(166, 'BR053', 13, 'NS00019', '1', '3500', '20 June 2021, 0:34', '2021-06-20'),
(167, 'BR011', 13, 'NS00019', '2', '3500', '20 June 2021, 0:34', '2021-06-20'),
(168, 'BR042', 13, 'NS00020', '1', '28000', '20 June 2021, 0:43', '2021-06-20'),
(169, 'BR053', 13, 'NS00020', '2', '28000', '20 June 2021, 0:43', '2021-06-20'),
(170, 'BR026', 13, 'NS00020', '1', '28000', '20 June 2021, 0:43', '2021-06-20'),
(171, 'BR051', 13, 'NS00020', '1', '28000', '20 June 2021, 0:43', '2021-06-20'),
(172, 'BR082', 13, 'NS00020', '1', '28000', '20 June 2021, 0:43', '2021-06-20'),
(173, 'BR008', 13, 'NS00021', '3', '5000', '20 June 2021, 0:56', '2021-06-20'),
(174, 'BR022', 13, 'NS00021', '4', '5000', '20 June 2021, 0:56', '2021-06-20'),
(175, 'BR026', 13, 'NS00021', '2', '5000', '20 June 2021, 0:56', '2021-06-20'),
(176, 'BR011', 13, 'NS00021', '1', '5000', '20 June 2021, 0:56', '2021-06-20'),
(178, 'BR098', 13, 'NS00023', '3', '7500', '20 June 2021, 2:26', '2021-06-20'),
(179, 'BR008', 13, 'NS00023', '1', '7500', '20 June 2021, 2:26', '2021-06-20'),
(180, 'BR014', 13, 'NS00023', '1', '7500', '20 June 2021, 2:26', '2021-06-20'),
(181, 'BR036', 13, 'NS00023', '1', '7500', '20 June 2021, 2:26', '2021-06-20'),
(182, 'BR098', 13, 'NS00024', '2', '5000', '20 June 2021, 2:30', '2021-06-20'),
(183, 'BR025', 13, 'NS00024', '9', '5000', '20 June 2021, 2:30', '2021-06-20'),
(184, 'BR023', 13, 'NS00024', '1', '5000', '20 June 2021, 2:30', '2021-06-20'),
(185, 'BR050', 13, 'NS00025', '2', '2500', '20 June 2021, 2:52', '2021-06-20'),
(186, 'BR052', 13, 'NS00025', '2', '2500', '20 June 2021, 2:52', '2021-06-20'),
(187, 'BR081', 13, 'NS00025', '1', '2500', '20 June 2021, 2:52', '2021-06-20'),
(188, 'BR098', 13, 'NS00025', '1', '2500', '20 June 2021, 2:52', '2021-06-20'),
(189, 'BR023', 13, 'NS00025', '1', '2500', '20 June 2021, 2:52', '2021-06-20'),
(190, 'BR098', 13, 'NS00026', '1', '2500', '20 June 2021, 3:53', '2021-06-20'),
(191, 'BR022', 13, 'NS00026', '3', '2500', '20 June 2021, 3:53', '2021-06-20'),
(192, 'BR014', 13, 'NS00026', '2', '2500', '20 June 2021, 3:53', '2021-06-20'),
(193, 'BR008', 13, 'NS00026', '2', '2500', '20 June 2021, 3:53', '2021-06-20'),
(194, 'BR036', 13, 'NS00026', '1', '2500', '20 June 2021, 3:53', '2021-06-20'),
(195, 'BR099', 13, 'NS00026', '1', '2500', '20 June 2021, 3:53', '2021-06-20'),
(196, 'BR098', 13, 'NS00027', '8', '20000', '20 June 2021, 3:59', '2021-06-20'),
(197, 'BR102', 13, 'NS00028', '1', '12000', '20 June 2021, 4:03', '2021-06-20'),
(201, 'BR078', 13, 'NS00029', '1', '160', '20 June 2021, 7:29', '2021-06-20'),
(202, 'BR103', 13, 'NS00030', '1', '9000', '20 June 2021, 8:01', '2021-06-20'),
(203, 'BR078', 13, 'NS00031', '1', '160', '20 June 2021, 8:02', '2021-06-20'),
(204, 'BR078', 13, 'NS00031', '1', '160', '20 June 2021, 8:02', '2021-06-20'),
(205, 'BR106', 13, 'NS00032', '2', '5000', '20 June 2021, 8:39', '2021-06-20'),
(206, 'BR014', 13, 'NS00033', '2', '2500', '20 June 2021, 8:52', '2021-06-20'),
(207, 'BR106', 13, 'NS00033', '1', '2500', '20 June 2021, 8:52', '2021-06-20'),
(208, 'BR098', 13, 'NS00033', '1', '2500', '20 June 2021, 8:52', '2021-06-20'),
(209, 'BR098', 13, 'NS00034', '3', '2500', '20 June 2021, 10:30', '2021-06-20'),
(210, 'BR106', 13, 'NS00034', '1', '2500', '20 June 2021, 10:30', '2021-06-20'),
(211, 'BR082', 13, 'NS00035', '1', '28000', '20 June 2021, 10:32', '2021-06-20'),
(212, 'BR082', 13, 'NS00036', '1', '2500', '21 June 2021, 0:27', '2021-06-21'),
(213, 'BR015', 13, 'NS00036', '2', '2500', '21 June 2021, 0:27', '2021-06-21'),
(214, 'BR098', 13, 'NS00036', '1', '2500', '21 June 2021, 0:27', '2021-06-21'),
(215, 'BR005', 13, 'NS00036', '1', '2500', '21 June 2021, 0:27', '2021-06-21'),
(216, 'BR031', 13, 'NS00037', '1', '12500', '21 June 2021, 1:15', '2021-06-21'),
(217, 'BR009', 13, 'NS00037', '2', '12500', '21 June 2021, 1:15', '2021-06-21'),
(218, 'BR014', 13, 'NS00037', '4', '12500', '21 June 2021, 1:15', '2021-06-21'),
(219, 'BR003', 13, 'NS00037', '8', '12500', '21 June 2021, 1:15', '2021-06-21'),
(220, 'BR110', 13, 'NS00037', '5', '12500', '21 June 2021, 1:15', '2021-06-21'),
(221, 'BR010', 13, 'NS00037', '2', '12500', '21 June 2021, 1:15', '2021-06-21'),
(222, 'BR006', 13, 'NS00037', '1', '12500', '21 June 2021, 1:15', '2021-06-21'),
(223, 'BR095', 13, 'NS00037', '1', '12500', '21 June 2021, 1:15', '2021-06-21'),
(224, 'BR015', 13, 'NS00037', '1', '12500', '21 June 2021, 1:15', '2021-06-21'),
(225, 'BR001', 13, 'NS00037', '6', '12500', '21 June 2021, 1:15', '2021-06-21'),
(226, 'BR011', 13, 'NS00037', '2', '12500', '21 June 2021, 1:15', '2021-06-21'),
(227, 'BR027', 13, 'NS00037', '4', '12500', '21 June 2021, 1:15', '2021-06-21'),
(228, 'BR028', 13, 'NS00038', '4', '10000', '21 June 2021, 1:17', '2021-06-21'),
(229, 'BR098', 13, 'NS00038', '3', '10000', '21 June 2021, 1:17', '2021-06-21'),
(230, 'BR107', 13, 'NS00038', '2', '10000', '21 June 2021, 1:17', '2021-06-21'),
(231, 'BR002', 13, 'NS00038', '2', '10000', '21 June 2021, 1:17', '2021-06-21'),
(232, 'BR075', 13, 'NS00038', '2', '10000', '21 June 2021, 1:17', '2021-06-21'),
(233, 'BR108', 13, 'NS00038', '4', '10000', '21 June 2021, 1:17', '2021-06-21'),
(234, 'BR004', 13, 'NS00038', '10', '10000', '21 June 2021, 1:17', '2021-06-21'),
(235, 'BR052', 13, 'NS00039', '7', '3500', '21 June 2021, 1:20', '2021-06-21'),
(236, 'BR050', 13, 'NS00039', '2', '3500', '21 June 2021, 1:20', '2021-06-21'),
(237, 'BR051', 13, 'NS00039', '5', '3500', '21 June 2021, 1:20', '2021-06-21'),
(238, 'BR055', 13, 'NS00039', '1', '3500', '21 June 2021, 1:20', '2021-06-21'),
(239, 'BR048', 13, 'NS00039', '1', '3500', '21 June 2021, 1:20', '2021-06-21'),
(240, 'BR049', 13, 'NS00039', '3', '3500', '21 June 2021, 1:20', '2021-06-21'),
(241, 'BR043', 13, 'NS00039', '2', '3500', '21 June 2021, 1:20', '2021-06-21'),
(242, 'BR110', 13, 'NS00040', '2', '5000', '21 June 2021, 1:25', '2021-06-21'),
(243, 'BR015', 13, 'NS00040', '2', '5000', '21 June 2021, 1:25', '2021-06-21'),
(244, 'BR109', 13, 'NS00040', '1', '5000', '21 June 2021, 1:25', '2021-06-21'),
(245, 'BR055', 13, 'NS00040', '1', '5000', '21 June 2021, 1:25', '2021-06-21'),
(246, 'BR025', 13, 'NS00040', '1', '5000', '21 June 2021, 1:25', '2021-06-21'),
(247, 'BR024', 13, 'NS00041', '1', '8000', '21 June 2021, 1:27', '2021-06-21'),
(248, 'BR106', 13, 'NS00042', '2', '5000', '21 June 2021, 1:44', '2021-06-21'),
(249, 'BR023', 13, 'NS00042', '2', '5000', '21 June 2021, 1:44', '2021-06-21'),
(250, 'BR031', 13, 'NS00042', '2', '5000', '21 June 2021, 1:44', '2021-06-21'),
(251, 'BR098', 13, 'NS00042', '2', '5000', '21 June 2021, 1:44', '2021-06-21'),
(252, 'BR025', 13, 'NS00043', '16', '20000', '21 June 2021, 1:52', '2021-06-21'),
(253, 'BR112', 13, 'NS00043', '8', '20000', '21 June 2021, 1:52', '2021-06-21'),
(254, 'BR021', 13, 'NS00043', '4', '20000', '21 June 2021, 1:52', '2021-06-21'),
(255, 'BR003', 13, 'NS00044', '1', '3500', '21 June 2021, 1:54', '2021-06-21'),
(256, 'BR002', 13, 'NS00044', '1', '3500', '21 June 2021, 1:54', '2021-06-21'),
(257, 'BR053', 13, 'NS00044', '1', '3500', '21 June 2021, 1:54', '2021-06-21'),
(258, 'BR028', 13, 'NS00044', '1', '3500', '21 June 2021, 1:54', '2021-06-21'),
(259, 'BR098', 13, 'NS00045', '2', '2500', '21 June 2021, 2:02', '2021-06-21'),
(260, 'BR106', 13, 'NS00045', '2', '2500', '21 June 2021, 2:02', '2021-06-21'),
(261, 'BR015', 13, 'NS00045', '3', '2500', '21 June 2021, 2:02', '2021-06-21'),
(262, 'BR021', 13, 'NS00045', '1', '2500', '21 June 2021, 2:02', '2021-06-21'),
(263, 'BR052', 13, 'NS00045', '1', '2500', '21 June 2021, 2:02', '2021-06-21'),
(264, 'BR014', 13, 'NS00045', '1', '2500', '21 June 2021, 2:02', '2021-06-21'),
(265, 'BR110', 13, 'NS00045', '1', '2500', '21 June 2021, 2:02', '2021-06-21'),
(266, 'BR111', 13, 'NS00046', '1', '23000', '21 June 2021, 2:04', '2021-06-21'),
(267, 'BR025', 13, 'NS00046', '3', '23000', '21 June 2021, 2:04', '2021-06-21'),
(268, 'BR051', 13, 'NS00046', '2', '23000', '21 June 2021, 2:04', '2021-06-21'),
(269, 'BR009', 13, 'NS00046', '1', '23000', '21 June 2021, 2:04', '2021-06-21'),
(270, 'BR057', 13, 'NS00047', '1', '5000', '21 June 2021, 2:08', '2021-06-21'),
(271, 'BR051', 13, 'NS00047', '1', '5000', '21 June 2021, 2:08', '2021-06-21'),
(272, 'BR109', 13, 'NS00047', '2', '5000', '21 June 2021, 2:08', '2021-06-21'),
(273, 'BR099', 13, 'NS00047', '1', '5000', '21 June 2021, 2:08', '2021-06-21'),
(274, 'BR036', 13, 'NS00047', '1', '5000', '21 June 2021, 2:08', '2021-06-21'),
(275, 'BR021', 13, 'NS00047', '1', '5000', '21 June 2021, 2:08', '2021-06-21'),
(276, 'BR075', 13, 'NS00047', '1', '5000', '21 June 2021, 2:08', '2021-06-21'),
(277, 'BR026', 13, 'NS00047', '1', '5000', '21 June 2021, 2:08', '2021-06-21'),
(278, 'BR004', 13, 'NS00047', '1', '5000', '21 June 2021, 2:08', '2021-06-21'),
(279, 'BR035', 13, 'NS00047', '2', '5000', '21 June 2021, 2:08', '2021-06-21'),
(280, 'BR100', 13, 'NS00048', '1', '2500', '21 June 2021, 2:11', '2021-06-21'),
(281, 'BR099', 13, 'NS00048', '1', '2500', '21 June 2021, 2:11', '2021-06-21'),
(282, 'BR009', 13, 'NS00048', '2', '2500', '21 June 2021, 2:11', '2021-06-21'),
(283, 'BR075', 13, 'NS00048', '1', '2500', '21 June 2021, 2:11', '2021-06-21'),
(284, 'BR005', 13, 'NS00048', '1', '2500', '21 June 2021, 2:11', '2021-06-21'),
(285, 'BR027', 13, 'NS00048', '2', '2500', '21 June 2021, 2:11', '2021-06-21'),
(286, 'BR011', 13, 'NS00048', '1', '2500', '21 June 2021, 2:11', '2021-06-21'),
(287, 'BR021', 13, 'NS00048', '1', '2500', '21 June 2021, 2:11', '2021-06-21'),
(288, 'BR010', 13, 'NS00048', '1', '2500', '21 June 2021, 2:11', '2021-06-21'),
(289, 'BR002', 13, 'NS00048', '1', '2500', '21 June 2021, 2:11', '2021-06-21'),
(290, 'BR011', 13, 'NS00049', '3', '15000', '21 June 2021, 3:09', '2021-06-21'),
(291, 'BR023', 13, 'NS00049', '1', '15000', '21 June 2021, 3:09', '2021-06-21'),
(292, 'BR014', 13, 'NS00049', '3', '15000', '21 June 2021, 3:09', '2021-06-21'),
(293, 'BR079', 13, 'NS00049', '1', '15000', '21 June 2021, 3:09', '2021-06-21'),
(294, 'BR010', 13, 'NS00049', '1', '15000', '21 June 2021, 3:09', '2021-06-21'),
(295, 'BR098', 13, 'NS00050', '1', '2500', '21 June 2021, 3:18', '2021-06-21'),
(296, 'BR009', 13, 'NS00050', '1', '2500', '21 June 2021, 3:18', '2021-06-21'),
(297, 'BR031', 13, 'NS00050', '1', '2500', '21 June 2021, 3:18', '2021-06-21'),
(298, 'BR023', 13, 'NS00050', '1', '2500', '21 June 2021, 3:18', '2021-06-21'),
(299, 'BR011', 13, 'NS00050', '1', '2500', '21 June 2021, 3:18', '2021-06-21'),
(300, 'BR098', 13, 'NS00051', '2', '2500', '21 June 2021, 3:41', '2021-06-21'),
(301, 'BR014', 13, 'NS00051', '2', '2500', '21 June 2021, 3:41', '2021-06-21'),
(302, 'BR006', 13, 'NS00051', '1', '2500', '21 June 2021, 3:41', '2021-06-21'),
(303, 'BR002', 13, 'NS00051', '3', '2500', '21 June 2021, 3:41', '2021-06-21'),
(304, 'BR003', 13, 'NS00051', '3', '2500', '21 June 2021, 3:41', '2021-06-21'),
(305, 'BR022', 13, 'NS00051', '2', '2500', '21 June 2021, 3:41', '2021-06-21'),
(306, 'BR110', 13, 'NS00051', '1', '2500', '21 June 2021, 3:41', '2021-06-21'),
(307, 'BR025', 13, 'NS00051', '1', '2500', '21 June 2021, 3:41', '2021-06-21'),
(308, 'BR112', 13, 'NS00051', '1', '2500', '21 June 2021, 3:41', '2021-06-21'),
(309, 'BR021', 13, 'NS00051', '1', '2500', '21 June 2021, 3:41', '2021-06-21'),
(310, 'BR109', 13, 'NS00051', '1', '2500', '21 June 2021, 3:41', '2021-06-21'),
(311, 'BR088', 13, 'NS00051', '1', '2500', '21 June 2021, 3:41', '2021-06-21'),
(312, 'BR010', 13, 'NS00052', '1', '2500', '21 June 2021, 3:59', '2021-06-21'),
(313, 'BR021', 13, 'NS00052', '1', '2500', '21 June 2021, 3:59', '2021-06-21'),
(314, 'BR028', 13, 'NS00052', '1', '2500', '21 June 2021, 3:59', '2021-06-21'),
(315, 'BR107', 13, 'NS00052', '1', '2500', '21 June 2021, 3:59', '2021-06-21'),
(316, 'BR098', 13, 'NS00053', '2', '2500', '21 June 2021, 4:06', '2021-06-21'),
(317, 'BR004', 13, 'NS00053', '2', '2500', '21 June 2021, 4:06', '2021-06-21'),
(318, 'BR025', 13, 'NS00053', '1', '2500', '21 June 2021, 4:06', '2021-06-21'),
(319, 'BR112', 13, 'NS00053', '1', '2500', '21 June 2021, 4:06', '2021-06-21'),
(320, 'BR028', 13, 'NS00053', '1', '2500', '21 June 2021, 4:06', '2021-06-21'),
(321, 'BR098', 13, 'NS00054', '1', '2500', '21 June 2021, 4:10', '2021-06-21'),
(322, 'BR036', 13, 'NS00054', '1', '2500', '21 June 2021, 4:10', '2021-06-21'),
(323, 'BR098', 13, 'NS00055', '3', '5000', '21 June 2021, 4:13', '2021-06-21'),
(324, 'BR002', 13, 'NS00055', '2', '5000', '21 June 2021, 4:13', '2021-06-21'),
(325, 'BR005', 13, 'NS00055', '2', '5000', '21 June 2021, 4:13', '2021-06-21'),
(326, 'BR026', 13, 'NS00055', '2', '5000', '21 June 2021, 4:13', '2021-06-21'),
(327, 'BR010', 13, 'NS00055', '1', '5000', '21 June 2021, 4:13', '2021-06-21'),
(328, 'BR025', 13, 'NS00055', '2', '5000', '21 June 2021, 4:13', '2021-06-21'),
(329, 'BR106', 13, 'NS00055', '2', '5000', '21 June 2021, 4:13', '2021-06-21'),
(330, 'BR109', 13, 'NS00056', '1', '2500', '21 June 2021, 4:14', '2021-06-21'),
(331, 'BR110', 13, 'NS00056', '1', '2500', '21 June 2021, 4:14', '2021-06-21'),
(332, 'BR011', 13, 'NS00056', '2', '2500', '21 June 2021, 4:14', '2021-06-21'),
(333, 'BR028', 13, 'NS00056', '1', '2500', '21 June 2021, 4:14', '2021-06-21'),
(334, 'BR022', 13, 'NS00056', '1', '2500', '21 June 2021, 4:14', '2021-06-21'),
(335, 'BR026', 13, 'NS00056', '1', '2500', '21 June 2021, 4:14', '2021-06-21'),
(336, 'BR065', 13, 'NS00057', '2', '66000', '21 June 2021, 4:48', '2021-06-21'),
(337, 'BR098', 13, 'NS00058', '1', '2500', '21 June 2021, 5:15', '2021-06-21'),
(338, 'BR025', 13, 'NS00058', '1', '2500', '21 June 2021, 5:15', '2021-06-21'),
(339, 'BR100', 13, 'NS00058', '1', '2500', '21 June 2021, 5:15', '2021-06-21'),
(340, 'BR108', 13, 'NS00058', '1', '2500', '21 June 2021, 5:15', '2021-06-21'),
(341, 'BR099', 13, 'NS00058', '1', '2500', '21 June 2021, 5:15', '2021-06-21'),
(342, 'BR081', 13, 'NS00058', '1', '2500', '21 June 2021, 5:15', '2021-06-21'),
(343, 'BR033', 13, 'NS00059', '1', '5000', '21 June 2021, 5:35', '2021-06-21'),
(344, 'BR006', 13, 'NS00059', '2', '5000', '21 June 2021, 5:35', '2021-06-21'),
(345, 'BR075', 13, 'NS00059', '2', '5000', '21 June 2021, 5:35', '2021-06-21'),
(346, 'BR026', 13, 'NS00059', '2', '5000', '21 June 2021, 5:35', '2021-06-21'),
(347, 'BR045', 13, 'NS00060', '1', '9000', '21 June 2021, 5:41', '2021-06-21'),
(348, 'BR048', 13, 'NS00060', '1', '9000', '21 June 2021, 5:41', '2021-06-21'),
(349, 'BR098', 13, 'NS00061', '10', '25000', '21 June 2021, 6:07', '2021-06-21'),
(350, 'BR066', 13, 'NS00061', '1', '25000', '21 June 2021, 6:07', '2021-06-21'),
(351, 'BR108', 13, 'NS00062', '3', '5000', '21 June 2021, 6:20', '2021-06-21'),
(352, 'BR075', 13, 'NS00062', '3', '5000', '21 June 2021, 6:20', '2021-06-21'),
(353, 'BR028', 13, 'NS00062', '1', '5000', '21 June 2021, 6:20', '2021-06-21'),
(354, 'BR114', 13, 'NS00062', '2', '5000', '21 June 2021, 6:20', '2021-06-21'),
(355, 'BR036', 13, 'NS00062', '2', '5000', '21 June 2021, 6:20', '2021-06-21'),
(356, 'BR098', 13, 'NS00063', '2', '5000', '21 June 2021, 7:00', '2021-06-21'),
(357, 'BR056', 13, 'NS00063', '1', '5000', '21 June 2021, 7:00', '2021-06-21'),
(358, 'BR044', 13, 'NS00063', '1', '5000', '21 June 2021, 7:00', '2021-06-21'),
(359, 'BR078', 13, 'NS00064', '4', '8', '21 June 2021, 7:33', '2021-06-21'),
(360, 'BR078', 13, 'NS00065', '5', '10', '21 June 2021, 7:35', '2021-06-21'),
(361, 'BR078', 13, 'NS00066', '5', '10', '21 June 2021, 7:37', '2021-06-21'),
(362, 'BR109', 13, 'NS00067', '1', '2500', '21 June 2021, 7:38', '2021-06-21'),
(363, 'BR078', 13, 'NS00068', '1', '2', '21 June 2021, 7:40', '2021-06-21'),
(364, 'BR048', 13, 'NS00069', '1', '9000', '21 June 2021, 8:27', '2021-06-21'),
(365, 'BR042', 13, 'NS00069', '1', '9000', '21 June 2021, 8:27', '2021-06-21'),
(366, 'BR048', 13, 'NS00069', '1', '9000', '21 June 2021, 8:27', '2021-06-21'),
(367, 'BR042', 13, 'NS00069', '1', '9000', '21 June 2021, 8:27', '2021-06-21'),
(368, 'BR002', 13, 'NS00070', '1', '3000', '21 June 2021, 9:05', '2021-06-21'),
(369, 'BR025', 13, 'NS00070', '1', '3000', '21 June 2021, 9:05', '2021-06-21'),
(370, 'BR028', 13, 'NS00070', '1', '3000', '21 June 2021, 9:05', '2021-06-21'),
(371, 'BR051', 13, 'NS00070', '1', '3000', '21 June 2021, 9:05', '2021-06-21'),
(372, 'BR044', 13, 'NS00071', '1', '3000', '21 June 2021, 9:14', '2021-06-21'),
(373, 'BR050', 13, 'NS00071', '1', '3000', '21 June 2021, 9:14', '2021-06-21'),
(374, 'BR031', 13, 'NS00071', '1', '3000', '21 June 2021, 9:14', '2021-06-21'),
(375, 'BR008', 13, 'NS00071', '4', '3000', '21 June 2021, 9:14', '2021-06-21'),
(376, 'BR044', 13, 'NS00071', '1', '3000', '21 June 2021, 9:14', '2021-06-21'),
(377, 'BR050', 13, 'NS00071', '1', '3000', '21 June 2021, 9:14', '2021-06-21'),
(378, 'BR031', 13, 'NS00071', '1', '3000', '21 June 2021, 9:14', '2021-06-21'),
(379, 'BR008', 13, 'NS00071', '4', '3000', '21 June 2021, 9:14', '2021-06-21'),
(380, 'BR066', 13, 'NS00072', '1', '30000', '21 June 2021, 9:21', '2021-06-21'),
(381, 'BR079', 13, 'NS00072', '2', '30000', '21 June 2021, 9:21', '2021-06-21'),
(382, 'BR098', 13, 'NS00073', '1', '2500', '21 June 2021, 10:11', '2021-06-21'),
(383, 'BR022', 13, 'NS00073', '1', '2500', '21 June 2021, 10:11', '2021-06-21'),
(384, 'BR050', 13, 'NS00073', '1', '2500', '21 June 2021, 10:11', '2021-06-21'),
(385, 'BR051', 13, 'NS00073', '2', '2500', '21 June 2021, 10:11', '2021-06-21'),
(386, 'BR048', 13, 'NS00073', '1', '2500', '21 June 2021, 10:11', '2021-06-21'),
(387, 'BR010', 13, 'NS00074', '2', '2500', '21 June 2021, 10:17', '2021-06-21'),
(388, 'BR011', 13, 'NS00074', '2', '2500', '21 June 2021, 10:17', '2021-06-21'),
(389, 'BR026', 13, 'NS00074', '1', '2500', '21 June 2021, 10:17', '2021-06-21'),
(390, 'BR063', 13, 'NS00075', '1', '18000', '21 June 2021, 10:34', '2021-06-21'),
(391, 'BR011', 13, 'NS00075', '2', '18000', '21 June 2021, 10:34', '2021-06-21'),
(392, 'BR050', 13, 'NS00075', '1', '18000', '21 June 2021, 10:34', '2021-06-21'),
(393, 'BR005', 13, 'NS00075', '1', '18000', '21 June 2021, 10:34', '2021-06-21'),
(394, 'BR049', 13, 'NS00075', '1', '18000', '21 June 2021, 10:34', '2021-06-21'),
(395, 'BR078', 13, 'NS00076', '1', '2', '21 June 2021, 10:42', '2021-06-21'),
(396, 'BR078', 13, 'NS00076', '1', '2', '21 June 2021, 10:42', '2021-06-21'),
(397, 'BR078', 13, 'NS00076', '1', '2', '21 June 2021, 10:42', '2021-06-21'),
(398, 'BR078', 13, 'NS00076', '1', '2', '21 June 2021, 10:42', '2021-06-21'),
(399, 'BR100', 13, 'NS00077', '2', '5000', '21 June 2021, 11:05', '2021-06-21'),
(400, 'BR099', 13, 'NS00077', '1', '5000', '21 June 2021, 11:05', '2021-06-21'),
(401, 'BR036', 13, 'NS00077', '1', '5000', '21 June 2021, 11:05', '2021-06-21'),
(402, 'BR044', 13, 'NS00078', '1', '7000', '21 June 2021, 11:19', '2021-06-21'),
(403, 'BR031', 13, 'NS00079', '1', '2500', '21 June 2021, 22:26', '2021-06-21'),
(404, 'BR015', 13, 'NS00079', '1', '2500', '21 June 2021, 22:26', '2021-06-21'),
(405, 'BR011', 13, 'NS00079', '1', '2500', '21 June 2021, 22:26', '2021-06-21'),
(406, 'BR110', 13, 'NS00079', '1', '2500', '21 June 2021, 22:26', '2021-06-21'),
(407, 'BR035', 13, 'NS00079', '1', '2500', '21 June 2021, 22:26', '2021-06-21'),
(408, 'BR003', 13, 'NS00080', '1', '5000', '21 June 2021, 22:27', '2021-06-21'),
(409, 'BR010', 13, 'NS00080', '2', '5000', '21 June 2021, 22:27', '2021-06-21'),
(410, 'BR005', 13, 'NS00080', '1', '5000', '21 June 2021, 22:27', '2021-06-21'),
(411, 'BR021', 13, 'NS00080', '2', '5000', '21 June 2021, 22:27', '2021-06-21'),
(412, 'BR065', 13, 'NS00081', '1', '33000', '21 June 2021, 22:42', '2021-06-21'),
(413, 'BR053', 13, 'NS00081', '1', '33000', '21 June 2021, 22:42', '2021-06-21'),
(414, 'BR001', 13, 'NS00081', '1', '33000', '21 June 2021, 22:42', '2021-06-21'),
(415, 'BR010', 13, 'NS00081', '1', '33000', '21 June 2021, 22:42', '2021-06-21'),
(416, 'BR006', 13, 'NS00081', '1', '33000', '21 June 2021, 22:42', '2021-06-21'),
(417, 'BR003', 13, 'NS00082', '2', '5000', '21 June 2021, 23:22', '2021-06-21'),
(418, 'BR051', 13, 'NS00083', '4', '12000', '21 June 2021, 23:37', '2021-06-21'),
(419, 'BR028', 13, 'NS00083', '4', '12000', '21 June 2021, 23:37', '2021-06-21'),
(420, 'BR001', 13, 'NS00083', '2', '12000', '21 June 2021, 23:37', '2021-06-21'),
(421, 'BR107', 13, 'NS00084', '4', '15000', '21 June 2021, 23:41', '2021-06-21'),
(422, 'BR023', 13, 'NS00084', '4', '15000', '21 June 2021, 23:41', '2021-06-21'),
(423, 'BR116', 13, 'NS00084', '5', '15000', '21 June 2021, 23:41', '2021-06-21'),
(424, 'BR112', 13, 'NS00084', '2', '15000', '21 June 2021, 23:41', '2021-06-21'),
(425, 'BR065', 13, 'NS00085', '1', '2500', '22 June 2021, 1:02', '2021-06-22'),
(426, 'BR053', 13, 'NS00085', '1', '2500', '22 June 2021, 1:02', '2021-06-22'),
(427, 'BR011', 13, 'NS00085', '2', '2500', '22 June 2021, 1:02', '2021-06-22'),
(428, 'BR075', 13, 'NS00085', '1', '2500', '22 June 2021, 1:02', '2021-06-22'),
(429, 'BR004', 13, 'NS00085', '1', '2500', '22 June 2021, 1:02', '2021-06-22'),
(430, 'BR017', 13, 'NS00086', '1', '10000', '22 June 2021, 1:53', '2021-06-22'),
(431, 'BR003', 13, 'NS00086', '3', '10000', '22 June 2021, 1:53', '2021-06-22'),
(432, 'BR035', 13, 'NS00086', '1', '10000', '22 June 2021, 1:53', '2021-06-22'),
(433, 'BR035', 13, 'NS00087', '1', '10000', '22 June 2021, 1:55', '2021-06-22'),
(434, 'BR079', 13, 'NS00088', '1', '2500', '22 June 2021, 2:28', '2021-06-22'),
(435, 'BR072', 13, 'NS00088', '1', '2500', '22 June 2021, 2:28', '2021-06-22'),
(436, 'BR098', 13, 'NS00088', '1', '2500', '22 June 2021, 2:28', '2021-06-22'),
(437, 'BR052', 13, 'NS00088', '1', '2500', '22 June 2021, 2:28', '2021-06-22'),
(438, 'BR009', 13, 'NS00088', '1', '2500', '22 June 2021, 2:28', '2021-06-22'),
(439, 'BR025', 13, 'NS00088', '1', '2500', '22 June 2021, 2:28', '2021-06-22'),
(440, 'BR020', 13, 'NS00088', '1', '2500', '22 June 2021, 2:28', '2021-06-22'),
(441, 'BR108', 13, 'NS00088', '1', '2500', '22 June 2021, 2:28', '2021-06-22'),
(442, 'BR112', 13, 'NS00088', '1', '2500', '22 June 2021, 2:28', '2021-06-22'),
(443, 'BR048', 13, 'NS00089', '1', '2500', '22 June 2021, 4:39', '2021-06-22'),
(444, 'BR098', 13, 'NS00089', '2', '2500', '22 June 2021, 4:39', '2021-06-22'),
(445, 'BR114', 13, 'NS00089', '1', '2500', '22 June 2021, 4:39', '2021-06-22'),
(446, 'BR006', 13, 'NS00089', '1', '2500', '22 June 2021, 4:39', '2021-06-22'),
(447, 'BR053', 13, 'NS00089', '1', '2500', '22 June 2021, 4:39', '2021-06-22'),
(448, 'BR099', 13, 'NS00089', '1', '2500', '22 June 2021, 4:39', '2021-06-22'),
(449, 'BR026', 13, 'NS00089', '1', '2500', '22 June 2021, 4:39', '2021-06-22'),
(450, 'BR048', 13, 'NS00089', '1', '2500', '22 June 2021, 4:39', '2021-06-22'),
(451, 'BR098', 13, 'NS00089', '2', '2500', '22 June 2021, 4:39', '2021-06-22'),
(452, 'BR114', 13, 'NS00089', '1', '2500', '22 June 2021, 4:39', '2021-06-22'),
(453, 'BR006', 13, 'NS00089', '1', '2500', '22 June 2021, 4:39', '2021-06-22'),
(454, 'BR053', 13, 'NS00089', '1', '2500', '22 June 2021, 4:39', '2021-06-22'),
(455, 'BR099', 13, 'NS00089', '1', '2500', '22 June 2021, 4:39', '2021-06-22'),
(456, 'BR026', 13, 'NS00089', '1', '2500', '22 June 2021, 4:39', '2021-06-22'),
(457, 'BR059', 13, 'NS00090', '1', '9000', '22 June 2021, 4:50', '2021-06-22'),
(458, 'BR116', 13, 'NS00090', '3', '9000', '22 June 2021, 4:50', '2021-06-22'),
(459, 'BR059', 13, 'NS00091', '1', '18000', '22 June 2021, 4:55', '2021-06-22'),
(460, 'BR063', 13, 'NS00091', '1', '18000', '22 June 2021, 4:55', '2021-06-22'),
(461, 'BR056', 13, 'NS00091', '3', '18000', '22 June 2021, 4:55', '2021-06-22'),
(462, 'BR045', 13, 'NS00092', '1', '6000', '22 June 2021, 6:10', '2021-06-22'),
(463, 'BR046', 13, 'NS00092', '1', '6000', '22 June 2021, 6:10', '2021-06-22'),
(464, 'BR005', 13, 'NS00092', '1', '6000', '22 June 2021, 6:10', '2021-06-22'),
(465, 'BR099', 13, 'NS00093', '1', '2500', '22 June 2021, 6:44', '2021-06-22'),
(466, 'BR036', 13, 'NS00093', '1', '2500', '22 June 2021, 6:44', '2021-06-22'),
(467, 'BR005', 13, 'NS00094', '2', '4800', '22 June 2021, 6:47', '2021-06-22'),
(468, 'BR004', 13, 'NS00094', '2', '4800', '22 June 2021, 6:47', '2021-06-22'),
(469, 'BR022', 13, 'NS00094', '3', '4800', '22 June 2021, 6:47', '2021-06-22'),
(470, 'BR036', 13, 'NS00095', '1', '2500', '22 June 2021, 6:56', '2021-06-22'),
(471, 'BR099', 13, 'NS00095', '1', '2500', '22 June 2021, 6:56', '2021-06-22'),
(472, 'BR050', 13, 'NS00096', '1', '2500', '22 June 2021, 7:00', '2021-06-22'),
(473, 'BR052', 13, 'NS00096', '1', '2500', '22 June 2021, 7:00', '2021-06-22'),
(474, 'BR035', 13, 'NS00096', '1', '2500', '22 June 2021, 7:00', '2021-06-22'),
(475, 'BR106', 13, 'NS00096', '1', '2500', '22 June 2021, 7:00', '2021-06-22'),
(476, 'BR098', 13, 'NS00097', '4', '9000', '22 June 2021, 7:16', '2021-06-22'),
(477, 'BR103', 13, 'NS00097', '1', '9000', '22 June 2021, 7:16', '2021-06-22'),
(478, 'BR043', 13, 'NS00098', '1', '7000', '22 June 2021, 7:19', '2021-06-22'),
(479, 'BR056', 13, 'NS00099', '1', '2500', '22 June 2021, 7:26', '2021-06-22'),
(480, 'BR114', 13, 'NS00099', '1', '2500', '22 June 2021, 7:26', '2021-06-22'),
(481, 'BR051', 13, 'NS00100', '2', '5000', '22 June 2021, 7:44', '2021-06-22'),
(482, 'BR026', 13, 'NS00100', '2', '5000', '22 June 2021, 7:44', '2021-06-22'),
(483, 'BR108', 13, 'NS00100', '2', '5000', '22 June 2021, 7:44', '2021-06-22'),
(484, 'BR024', 13, 'NS00100', '1', '5000', '22 June 2021, 7:44', '2021-06-22'),
(485, 'BR069', 13, 'NS00101', '1', '15000', '22 June 2021, 7:49', '2021-06-22'),
(486, 'BR056', 13, 'NS00102', '1', '5000', '22 June 2021, 8:26', '2021-06-22'),
(487, 'BR098', 13, 'NS00103', '3', '3000', '22 June 2021, 8:42', '2021-06-22'),
(488, 'BR010', 13, 'NS00103', '1', '3000', '22 June 2021, 8:42', '2021-06-22'),
(489, 'BR106', 13, 'NS00103', '1', '3000', '22 June 2021, 8:42', '2021-06-22'),
(490, 'BR005', 13, 'NS00103', '1', '3000', '22 June 2021, 8:42', '2021-06-22'),
(491, 'BR116', 13, 'NS00103', '1', '3000', '22 June 2021, 8:42', '2021-06-22'),
(492, 'BR002', 13, 'NS00103', '1', '3000', '22 June 2021, 8:42', '2021-06-22'),
(493, 'BR006', 13, 'NS00103', '1', '3000', '22 June 2021, 8:42', '2021-06-22'),
(494, 'BR044', 13, 'NS00103', '1', '3000', '22 June 2021, 8:42', '2021-06-22'),
(495, 'BR038', 13, 'NS00104', '1', '9000', '22 June 2021, 9:37', '2021-06-22'),
(496, 'BR026', 13, 'NS00104', '3', '9000', '22 June 2021, 9:37', '2021-06-22'),
(497, 'BR048', 13, 'NS00104', '1', '9000', '22 June 2021, 9:37', '2021-06-22'),
(498, 'BR035', 13, 'NS00105', '1', '10000', '22 June 2021, 9:54', '2021-06-22'),
(499, 'BR010', 13, 'NS00105', '2', '10000', '22 June 2021, 9:54', '2021-06-22'),
(500, 'BR020', 13, 'NS00105', '2', '10000', '22 June 2021, 9:54', '2021-06-22'),
(501, 'BR114', 13, 'NS00106', '1', '2500', '22 June 2021, 9:57', '2021-06-22'),
(502, 'BR014', 13, 'NS00106', '1', '2500', '22 June 2021, 9:57', '2021-06-22'),
(503, 'BR010', 13, 'NS00106', '1', '2500', '22 June 2021, 9:57', '2021-06-22'),
(504, 'BR008', 13, 'NS00106', '1', '2500', '22 June 2021, 9:57', '2021-06-22'),
(505, 'BR014', 15, 'NS00107', '5', '7500', '23 June 2021, 6:42', '2021-06-23'),
(506, 'BR054', 15, 'NS00107', '2', '7500', '23 June 2021, 6:42', '2021-06-23'),
(507, 'BR015', 15, 'NS00107', '4', '7500', '23 June 2021, 6:42', '2021-06-23'),
(508, 'BR114', 15, 'NS00107', '3', '7500', '23 June 2021, 6:42', '2021-06-23'),
(509, 'BR004', 15, 'NS00108', '2', '3500', '23 June 2021, 6:44', '2021-06-23'),
(510, 'BR036', 15, 'NS00108', '1', '3500', '23 June 2021, 6:44', '2021-06-23'),
(511, 'BR055', 15, 'NS00108', '1', '3500', '23 June 2021, 6:44', '2021-06-23'),
(512, 'BR014', 15, 'NS00108', '1', '3500', '23 June 2021, 6:44', '2021-06-23'),
(513, 'BR036', 15, 'NS00109', '3', '6000', '23 June 2021, 6:48', '2021-06-23'),
(514, 'BR050', 15, 'NS00109', '1', '6000', '23 June 2021, 6:48', '2021-06-23'),
(515, 'BR052', 15, 'NS00109', '2', '6000', '23 June 2021, 6:48', '2021-06-23'),
(516, 'BR010', 15, 'NS00110', '3', '6000', '23 June 2021, 6:50', '2021-06-23'),
(517, 'BR001', 15, 'NS00110', '4', '6000', '23 June 2021, 6:50', '2021-06-23'),
(518, 'BR005', 15, 'NS00110', '5', '6000', '23 June 2021, 6:50', '2021-06-23'),
(519, 'BR015', 15, 'NS00110', '2', '6000', '23 June 2021, 6:50', '2021-06-23'),
(520, 'BR051', 15, 'NS00110', '2', '6000', '23 June 2021, 6:50', '2021-06-23'),
(521, 'BR010', 15, 'NS00110', '3', '6000', '23 June 2021, 6:50', '2021-06-23'),
(522, 'BR001', 15, 'NS00110', '4', '6000', '23 June 2021, 6:50', '2021-06-23'),
(523, 'BR005', 15, 'NS00110', '5', '6000', '23 June 2021, 6:50', '2021-06-23'),
(524, 'BR015', 15, 'NS00110', '2', '6000', '23 June 2021, 6:50', '2021-06-23'),
(525, 'BR051', 15, 'NS00110', '2', '6000', '23 June 2021, 6:50', '2021-06-23'),
(526, 'BR042', 15, 'NS00111', '1', '5000', '23 June 2021, 6:57', '2021-06-23'),
(527, 'BR031', 15, 'NS00111', '2', '5000', '23 June 2021, 6:57', '2021-06-23'),
(528, 'BR015', 15, 'NS00111', '2', '5000', '23 June 2021, 6:57', '2021-06-23'),
(529, 'BR098', 15, 'NS00111', '2', '5000', '23 June 2021, 6:57', '2021-06-23'),
(530, 'BR004', 15, 'NS00111', '2', '5000', '23 June 2021, 6:57', '2021-06-23'),
(531, 'BR010', 15, 'NS00111', '1', '5000', '23 June 2021, 6:57', '2021-06-23'),
(532, 'BR114', 15, 'NS00112', '4', '10000', '23 June 2021, 7:11', '2021-06-23'),
(533, 'BR056', 15, 'NS00112', '1', '10000', '23 June 2021, 7:11', '2021-06-23'),
(534, 'BR006', 15, 'NS00112', '1', '10000', '23 June 2021, 7:11', '2021-06-23'),
(535, 'BR009', 15, 'NS00112', '2', '10000', '23 June 2021, 7:11', '2021-06-23'),
(536, 'BR010', 15, 'NS00112', '1', '10000', '23 June 2021, 7:11', '2021-06-23'),
(537, 'BR098', 15, 'NS00113', '1', '2500', '23 June 2021, 7:14', '2021-06-23'),
(538, 'BR057', 15, 'NS00113', '1', '2500', '23 June 2021, 7:14', '2021-06-23'),
(539, 'BR002', 15, 'NS00113', '2', '2500', '23 June 2021, 7:14', '2021-06-23'),
(540, 'BR010', 15, 'NS00113', '1', '2500', '23 June 2021, 7:14', '2021-06-23'),
(541, 'BR057', 15, 'NS00114', '1', '7000', '23 June 2021, 7:15', '2021-06-23'),
(542, 'BR003', 15, 'NS00114', '1', '7000', '23 June 2021, 7:15', '2021-06-23'),
(543, 'BR002', 15, 'NS00114', '1', '7000', '23 June 2021, 7:15', '2021-06-23'),
(544, 'BR051', 15, 'NS00115', '2', '6000', '23 June 2021, 7:17', '2021-06-23'),
(545, 'BR001', 15, 'NS00115', '1', '6000', '23 June 2021, 7:17', '2021-06-23'),
(546, 'BR004', 15, 'NS00115', '1', '6000', '23 June 2021, 7:17', '2021-06-23'),
(547, 'BR026', 15, 'NS00115', '2', '6000', '23 June 2021, 7:17', '2021-06-23'),
(548, 'BR099', 15, 'NS00116', '1', '5000', '23 June 2021, 7:19', '2021-06-23'),
(549, 'BR006', 15, 'NS00116', '3', '5000', '23 June 2021, 7:19', '2021-06-23'),
(550, 'BR114', 15, 'NS00116', '2', '5000', '23 June 2021, 7:19', '2021-06-23'),
(551, 'BR036', 15, 'NS00116', '1', '5000', '23 June 2021, 7:19', '2021-06-23'),
(552, 'BR014', 15, 'NS00116', '1', '5000', '23 June 2021, 7:19', '2021-06-23'),
(553, 'BR002', 15, 'NS00116', '1', '5000', '23 June 2021, 7:19', '2021-06-23'),
(554, 'BR003', 15, 'NS00116', '2', '5000', '23 June 2021, 7:19', '2021-06-23'),
(555, 'BR062', 15, 'NS00117', '1', '18000', '23 June 2021, 7:20', '2021-06-23'),
(556, 'BR048', 15, 'NS00118', '1', '9000', '23 June 2021, 7:23', '2021-06-23'),
(557, 'BR099', 15, 'NS00119', '1', '2500', '23 June 2021, 7:26', '2021-06-23'),
(558, 'BR100', 15, 'NS00119', '1', '2500', '23 June 2021, 7:26', '2021-06-23'),
(559, 'BR054', 15, 'NS00120', '2', '7000', '23 June 2021, 7:27', '2021-06-23'),
(560, 'BR053', 15, 'NS00120', '1', '7000', '23 June 2021, 7:27', '2021-06-23'),
(561, 'BR003', 15, 'NS00120', '2', '7000', '23 June 2021, 7:27', '2021-06-23'),
(562, 'BR005', 15, 'NS00120', '2', '7000', '23 June 2021, 7:27', '2021-06-23'),
(563, 'BR001', 15, 'NS00120', '2', '7000', '23 June 2021, 7:27', '2021-06-23'),
(564, 'BR015', 15, 'NS00121', '2', '2500', '23 June 2021, 7:35', '2021-06-23'),
(565, 'BR009', 15, 'NS00121', '3', '2500', '23 June 2021, 7:35', '2021-06-23'),
(566, 'BR006', 15, 'NS00121', '3', '2500', '23 June 2021, 7:35', '2021-06-23'),
(567, 'BR003', 15, 'NS00121', '2', '2500', '23 June 2021, 7:35', '2021-06-23'),
(568, 'BR002', 15, 'NS00121', '4', '2500', '23 June 2021, 7:35', '2021-06-23'),
(569, 'BR099', 15, 'NS00121', '1', '2500', '23 June 2021, 7:35', '2021-06-23'),
(570, 'BR035', 15, 'NS00121', '1', '2500', '23 June 2021, 7:35', '2021-06-23'),
(571, 'BR010', 15, 'NS00122', '1', '18000', '23 June 2021, 7:39', '2021-06-23'),
(572, 'BR006', 15, 'NS00122', '1', '18000', '23 June 2021, 7:39', '2021-06-23'),
(573, 'BR002', 15, 'NS00122', '1', '18000', '23 June 2021, 7:39', '2021-06-23'),
(574, 'BR005', 15, 'NS00122', '1', '18000', '23 June 2021, 7:39', '2021-06-23'),
(575, 'BR062', 15, 'NS00122', '1', '18000', '23 June 2021, 7:39', '2021-06-23'),
(576, 'BR093', 15, 'NS00123', '1', '23000', '23 June 2021, 7:40', '2021-06-23'),
(577, 'BR031', 15, 'NS00123', '1', '23000', '23 June 2021, 7:40', '2021-06-23'),
(578, 'BR057', 15, 'NS00124', '1', '7500', '23 June 2021, 7:41', '2021-06-23'),
(579, 'BR098', 15, 'NS00124', '3', '7500', '23 June 2021, 7:41', '2021-06-23'),
(580, 'BR050', 15, 'NS00124', '1', '7500', '23 June 2021, 7:41', '2021-06-23'),
(581, 'BR048', 15, 'NS00125', '1', '5000', '23 June 2021, 7:42', '2021-06-23'),
(582, 'BR056', 15, 'NS00125', '1', '5000', '23 June 2021, 7:42', '2021-06-23'),
(583, 'BR049', 15, 'NS00126', '2', '18000', '23 June 2021, 7:43', '2021-06-23'),
(584, 'BR048', 15, 'NS00126', '1', '18000', '23 June 2021, 7:43', '2021-06-23'),
(585, 'BR065', 15, 'NS00127', '1', '33000', '23 June 2021, 8:02', '2021-06-23'),
(586, 'BR054', 15, 'NS00127', '1', '33000', '23 June 2021, 8:02', '2021-06-23'),
(587, 'BR053', 15, 'NS00127', '1', '33000', '23 June 2021, 8:02', '2021-06-23'),
(588, 'BR057', 15, 'NS00127', '1', '33000', '23 June 2021, 8:02', '2021-06-23'),
(589, 'BR079', 15, 'NS00128', '1', '5000', '23 June 2021, 8:03', '2021-06-23'),
(590, 'BR042', 15, 'NS00128', '1', '5000', '23 June 2021, 8:03', '2021-06-23'),
(591, 'BR098', 15, 'NS00128', '2', '5000', '23 June 2021, 8:03', '2021-06-23'),
(592, 'BR002', 15, 'NS00128', '1', '5000', '23 June 2021, 8:03', '2021-06-23'),
(593, 'BR003', 15, 'NS00129', '4', '5000', '23 June 2021, 8:05', '2021-06-23'),
(594, 'BR001', 15, 'NS00129', '1', '5000', '23 June 2021, 8:05', '2021-06-23'),
(595, 'BR005', 15, 'NS00129', '2', '5000', '23 June 2021, 8:05', '2021-06-23'),
(596, 'BR002', 15, 'NS00129', '2', '5000', '23 June 2021, 8:05', '2021-06-23'),
(597, 'BR056', 15, 'NS00129', '1', '5000', '23 June 2021, 8:05', '2021-06-23'),
(598, 'BR006', 15, 'NS00129', '1', '5000', '23 June 2021, 8:05', '2021-06-23'),
(599, 'BR060', 15, 'NS00130', '1', '18000', '23 June 2021, 10:21', '2021-06-23'),
(600, 'BR064', 15, 'NS00130', '1', '18000', '23 June 2021, 10:21', '2021-06-23'),
(601, 'BR042', 15, 'NS00130', '1', '18000', '23 June 2021, 10:21', '2021-06-23'),
(602, 'BR053', 15, 'NS00130', '2', '18000', '23 June 2021, 10:21', '2021-06-23'),
(603, 'BR055', 15, 'NS00130', '1', '18000', '23 June 2021, 10:21', '2021-06-23'),
(604, 'BR010', 15, 'NS00130', '2', '18000', '23 June 2021, 10:21', '2021-06-23'),
(605, 'BR051', 15, 'NS00130', '2', '18000', '23 June 2021, 10:21', '2021-06-23'),
(606, 'BR052', 15, 'NS00130', '2', '18000', '23 June 2021, 10:21', '2021-06-23'),
(607, 'BR015', 15, 'NS00130', '2', '18000', '23 June 2021, 10:21', '2021-06-23'),
(608, 'BR101', 15, 'NS00131', '1', '20000', '23 June 2021, 10:29', '2021-06-23'),
(609, 'BR005', 13, 'NS00132', '2', '5000', '23 June 2021, 22:11', '2021-06-23'),
(610, 'BR001', 13, 'NS00132', '2', '5000', '23 June 2021, 22:11', '2021-06-23'),
(611, 'BR028', 13, 'NS00132', '2', '5000', '23 June 2021, 22:11', '2021-06-23'),
(612, 'BR002', 13, 'NS00132', '2', '5000', '23 June 2021, 22:11', '2021-06-23'),
(613, 'BR019', 13, 'NS00132', '1', '5000', '23 June 2021, 22:11', '2021-06-23'),
(614, 'BR003', 13, 'NS00132', '1', '5000', '23 June 2021, 22:11', '2021-06-23'),
(615, 'BR075', 13, 'NS00132', '2', '5000', '23 June 2021, 22:11', '2021-06-23'),
(616, 'BR117', 13, 'NS00133', '1', '12000', '23 June 2021, 22:12', '2021-06-23'),
(617, 'BR010', 13, 'NS00133', '1', '12000', '23 June 2021, 22:12', '2021-06-23'),
(618, 'BR001', 13, 'NS00133', '2', '12000', '23 June 2021, 22:12', '2021-06-23'),
(619, 'BR002', 13, 'NS00133', '1', '12000', '23 June 2021, 22:12', '2021-06-23'),
(620, 'BR054', 13, 'NS00134', '2', '7000', '23 June 2021, 22:29', '2021-06-23'),
(621, 'BR015', 13, 'NS00134', '3', '7000', '23 June 2021, 22:29', '2021-06-23'),
(622, 'BR005', 13, 'NS00134', '2', '7000', '23 June 2021, 22:29', '2021-06-23'),
(623, 'BR042', 13, 'NS00135', '1', '33000', '23 June 2021, 22:32', '2021-06-23'),
(624, 'BR043', 13, 'NS00135', '1', '33000', '23 June 2021, 22:32', '2021-06-23'),
(625, 'BR065', 13, 'NS00135', '1', '33000', '23 June 2021, 22:32', '2021-06-23'),
(626, 'BR114', 13, 'NS00136', '2', '30000', '23 June 2021, 22:45', '2021-06-23'),
(627, 'BR123', 13, 'NS00136', '1', '30000', '23 June 2021, 22:45', '2021-06-23'),
(628, 'BR053', 13, 'NS00136', '1', '30000', '23 June 2021, 22:45', '2021-06-23'),
(629, 'BR051', 13, 'NS00136', '1', '30000', '23 June 2021, 22:45', '2021-06-23'),
(630, 'BR010', 13, 'NS00136', '1', '30000', '23 June 2021, 22:45', '2021-06-23'),
(631, 'BR024', 13, 'NS00136', '1', '30000', '23 June 2021, 22:45', '2021-06-23'),
(632, 'BR001', 13, 'NS00137', '7', '21000', '23 June 2021, 22:49', '2021-06-23'),
(633, 'BR058', 13, 'NS00138', '1', '18000', '23 June 2021, 22:58', '2021-06-23'),
(634, 'BR062', 13, 'NS00138', '1', '18000', '23 June 2021, 22:58', '2021-06-23'),
(635, 'BR099', 13, 'NS00139', '3', '7500', '23 June 2021, 23:17', '2021-06-23'),
(636, 'BR002', 13, 'NS00139', '3', '7500', '23 June 2021, 23:17', '2021-06-23'),
(637, 'BR010', 13, 'NS00140', '3', '2500', '23 June 2021, 23:19', '2021-06-23'),
(638, 'BR015', 13, 'NS00140', '1', '2500', '23 June 2021, 23:19', '2021-06-23'),
(639, 'BR019', 13, 'NS00140', '1', '2500', '23 June 2021, 23:19', '2021-06-23'),
(640, 'BR002', 13, 'NS00140', '1', '2500', '23 June 2021, 23:19', '2021-06-23'),
(641, 'BR075', 13, 'NS00140', '1', '2500', '23 June 2021, 23:19', '2021-06-23'),
(642, 'BR028', 13, 'NS00140', '1', '2500', '23 June 2021, 23:19', '2021-06-23'),
(643, 'BR048', 13, 'NS00141', '1', '9000', '23 June 2021, 23:34', '2021-06-23'),
(644, 'BR008', 13, 'NS00141', '3', '9000', '23 June 2021, 23:34', '2021-06-23'),
(645, 'BR014', 13, 'NS00141', '3', '9000', '23 June 2021, 23:34', '2021-06-23'),
(646, 'BR003', 13, 'NS00142', '5', '15000', '23 June 2021, 23:37', '2021-06-23'),
(647, 'BR005', 13, 'NS00142', '5', '15000', '23 June 2021, 23:37', '2021-06-23'),
(648, 'BR008', 13, 'NS00142', '5', '15000', '23 June 2021, 23:37', '2021-06-23'),
(649, 'BR006', 13, 'NS00143', '4', '10000', '23 June 2021, 23:38', '2021-06-23'),
(650, 'BR050', 13, 'NS00144', '2', '5000', '24 June 2021, 0:55', '2021-06-24'),
(651, 'BR051', 13, 'NS00144', '2', '5000', '24 June 2021, 0:55', '2021-06-24'),
(652, 'BR014', 13, 'NS00144', '4', '5000', '24 June 2021, 0:55', '2021-06-24'),
(653, 'BR028', 13, 'NS00144', '2', '5000', '24 June 2021, 0:55', '2021-06-24'),
(654, 'BR122', 13, 'NS00144', '2', '5000', '24 June 2021, 0:55', '2021-06-24'),
(655, 'BR052', 13, 'NS00145', '1', '5000', '24 June 2021, 1:34', '2021-06-24'),
(656, 'BR050', 13, 'NS00145', '1', '5000', '24 June 2021, 1:34', '2021-06-24'),
(657, 'BR051', 13, 'NS00145', '2', '5000', '24 June 2021, 1:34', '2021-06-24'),
(658, 'BR098', 13, 'NS00145', '2', '5000', '24 June 2021, 1:34', '2021-06-24'),
(659, 'BR049', 13, 'NS00145', '1', '5000', '24 June 2021, 1:34', '2021-06-24'),
(660, 'BR011', 13, 'NS00145', '2', '5000', '24 June 2021, 1:34', '2021-06-24'),
(661, 'BR006', 13, 'NS00145', '1', '5000', '24 June 2021, 1:34', '2021-06-24'),
(662, 'BR005', 13, 'NS00145', '1', '5000', '24 June 2021, 1:34', '2021-06-24'),
(663, 'BR009', 13, 'NS00145', '2', '5000', '24 June 2021, 1:34', '2021-06-24'),
(664, 'BR002', 13, 'NS00145', '2', '5000', '24 June 2021, 1:34', '2021-06-24'),
(665, 'BR055', 13, 'NS00145', '2', '5000', '24 June 2021, 1:34', '2021-06-24'),
(666, 'BR043', 13, 'NS00146', '1', '9000', '24 June 2021, 1:35', '2021-06-24'),
(667, 'BR009', 13, 'NS00146', '4', '9000', '24 June 2021, 1:35', '2021-06-24'),
(668, 'BR010', 13, 'NS00146', '4', '9000', '24 June 2021, 1:35', '2021-06-24'),
(669, 'BR044', 13, 'NS00147', '1', '2500', '24 June 2021, 1:43', '2021-06-24'),
(670, 'BR053', 13, 'NS00147', '1', '2500', '24 June 2021, 1:43', '2021-06-24'),
(671, 'BR054', 13, 'NS00147', '1', '2500', '24 June 2021, 1:43', '2021-06-24'),
(672, 'BR055', 13, 'NS00147', '1', '2500', '24 June 2021, 1:43', '2021-06-24'),
(673, 'BR002', 13, 'NS00147', '1', '2500', '24 June 2021, 1:43', '2021-06-24'),
(674, 'BR009', 13, 'NS00147', '1', '2500', '24 June 2021, 1:43', '2021-06-24'),
(675, 'BR075', 13, 'NS00147', '1', '2500', '24 June 2021, 1:43', '2021-06-24'),
(676, 'BR026', 13, 'NS00147', '1', '2500', '24 June 2021, 1:43', '2021-06-24'),
(677, 'BR057', 13, 'NS00148', '1', '7000', '24 June 2021, 1:55', '2021-06-24'),
(678, 'BR050', 13, 'NS00148', '1', '7000', '24 June 2021, 1:55', '2021-06-24'),
(679, 'BR051', 13, 'NS00148', '1', '7000', '24 June 2021, 1:55', '2021-06-24'),
(680, 'BR052', 13, 'NS00148', '2', '7000', '24 June 2021, 1:55', '2021-06-24'),
(681, 'BR010', 13, 'NS00148', '1', '7000', '24 June 2021, 1:55', '2021-06-24'),
(682, 'BR010', 13, 'NS00149', '1', '2500', '24 June 2021, 1:57', '2021-06-24'),
(683, 'BR026', 13, 'NS00149', '1', '2500', '24 June 2021, 1:57', '2021-06-24'),
(684, 'BR027', 13, 'NS00149', '1', '2500', '24 June 2021, 1:57', '2021-06-24'),
(685, 'BR075', 13, 'NS00149', '1', '2500', '24 June 2021, 1:57', '2021-06-24'),
(686, 'BR054', 13, 'NS00150', '1', '2500', '24 June 2021, 2:04', '2021-06-24'),
(687, 'BR006', 13, 'NS00150', '2', '2500', '24 June 2021, 2:04', '2021-06-24'),
(688, 'BR015', 13, 'NS00150', '1', '2500', '24 June 2021, 2:04', '2021-06-24'),
(689, 'BR026', 13, 'NS00150', '1', '2500', '24 June 2021, 2:04', '2021-06-24'),
(690, 'BR001', 13, 'NS00150', '1', '2500', '24 June 2021, 2:04', '2021-06-24'),
(691, 'BR075', 13, 'NS00150', '1', '2500', '24 June 2021, 2:04', '2021-06-24'),
(692, 'BR015', 13, 'NS00151', '1', '2500', '24 June 2021, 2:44', '2021-06-24'),
(693, 'BR011', 13, 'NS00151', '4', '2500', '24 June 2021, 2:44', '2021-06-24'),
(694, 'BR010', 13, 'NS00151', '1', '2500', '24 June 2021, 2:44', '2021-06-24'),
(695, 'BR009', 13, 'NS00151', '1', '2500', '24 June 2021, 2:44', '2021-06-24'),
(696, 'BR100', 13, 'NS00151', '1', '2500', '24 June 2021, 2:44', '2021-06-24'),
(697, 'BR024', 13, 'NS00151', '1', '2500', '24 June 2021, 2:44', '2021-06-24'),
(698, 'BR117', 13, 'NS00152', '1', '12000', '24 June 2021, 2:49', '2021-06-24'),
(699, 'BR058', 13, 'NS00152', '1', '12000', '24 June 2021, 2:49', '2021-06-24'),
(700, 'BR098', 13, 'NS00153', '2', '5000', '24 June 2021, 2:55', '2021-06-24'),
(701, 'BR069', 13, 'NS00154', '1', '2500', '24 June 2021, 3:36', '2021-06-24'),
(702, 'BR122', 13, 'NS00154', '1', '2500', '24 June 2021, 3:36', '2021-06-24'),
(703, 'BR002', 13, 'NS00154', '2', '2500', '24 June 2021, 3:36', '2021-06-24'),
(704, 'BR028', 13, 'NS00154', '1', '2500', '24 June 2021, 3:36', '2021-06-24'),
(705, 'BR008', 13, 'NS00154', '1', '2500', '24 June 2021, 3:36', '2021-06-24'),
(706, 'BR027', 13, 'NS00154', '1', '2500', '24 June 2021, 3:36', '2021-06-24'),
(707, 'BR051', 13, 'NS00155', '1', '3000', '24 June 2021, 3:38', '2021-06-24'),
(708, 'BR052', 13, 'NS00155', '1', '3000', '24 June 2021, 3:38', '2021-06-24'),
(709, 'BR008', 13, 'NS00155', '2', '3000', '24 June 2021, 3:38', '2021-06-24'),
(710, 'BR006', 13, 'NS00155', '1', '3000', '24 June 2021, 3:38', '2021-06-24'),
(711, 'BR002', 13, 'NS00155', '2', '3000', '24 June 2021, 3:38', '2021-06-24'),
(712, 'BR053', 13, 'NS00156', '1', '2500', '24 June 2021, 3:39', '2021-06-24'),
(713, 'BR027', 13, 'NS00156', '1', '2500', '24 June 2021, 3:39', '2021-06-24'),
(714, 'BR011', 13, 'NS00156', '1', '2500', '24 June 2021, 3:39', '2021-06-24'),
(715, 'BR122', 13, 'NS00156', '1', '2500', '24 June 2021, 3:39', '2021-06-24'),
(716, 'BR026', 13, 'NS00156', '1', '2500', '24 June 2021, 3:39', '2021-06-24'),
(717, 'BR011', 13, 'NS00157', '1', '2500', '24 June 2021, 3:40', '2021-06-24'),
(718, 'BR014', 13, 'NS00158', '1', '3000', '24 June 2021, 5:12', '2021-06-24'),
(719, 'BR051', 13, 'NS00158', '1', '3000', '24 June 2021, 5:12', '2021-06-24'),
(720, 'BR075', 15, 'NS00159', '1', '2500', '24 June 2021, 5:26', '2021-06-24');
INSERT INTO `nota` (`id_nota`, `id_barang`, `id_member`, `invoice`, `jumlah`, `total`, `tanggal_input`, `periode`) VALUES
(721, 'BR114', 15, 'NS00160', '4', '10000', '24 June 2021, 6:52', '2021-06-24'),
(722, 'BR055', 15, 'NS00161', '2', '5000', '24 June 2021, 7:22', '2021-06-24'),
(723, 'BR098', 15, 'NS00161', '2', '5000', '24 June 2021, 7:22', '2021-06-24'),
(724, 'BR050', 15, 'NS00161', '2', '5000', '24 June 2021, 7:22', '2021-06-24'),
(725, 'BR053', 15, 'NS00161', '2', '5000', '24 June 2021, 7:22', '2021-06-24'),
(726, 'BR002', 15, 'NS00162', '3', '9000', '24 June 2021, 7:41', '2021-06-24'),
(727, 'BR042', 15, 'NS00162', '1', '9000', '24 June 2021, 7:41', '2021-06-24'),
(728, 'BR008', 15, 'NS00162', '1', '9000', '24 June 2021, 7:41', '2021-06-24'),
(729, 'BR019', 15, 'NS00163', '2', '2500', '24 June 2021, 8:13', '2021-06-24'),
(730, 'BR075', 15, 'NS00163', '1', '2500', '24 June 2021, 8:13', '2021-06-24'),
(731, 'BR026', 15, 'NS00163', '1', '2500', '24 June 2021, 8:13', '2021-06-24'),
(732, 'BR011', 15, 'NS00163', '1', '2500', '24 June 2021, 8:13', '2021-06-24'),
(733, 'BR049', 15, 'NS00164', '1', '3500', '24 June 2021, 8:23', '2021-06-24'),
(734, 'BR055', 15, 'NS00164', '1', '3500', '24 June 2021, 8:23', '2021-06-24'),
(735, 'BR038', 15, 'NS00165', '1', '17000', '24 June 2021, 8:27', '2021-06-24'),
(736, 'BR072', 15, 'NS00165', '1', '17000', '24 June 2021, 8:27', '2021-06-24'),
(737, 'BR065', 15, 'NS00165', '2', '17000', '24 June 2021, 8:27', '2021-06-24'),
(738, 'BR053', 15, 'NS00166', '2', '5000', '24 June 2021, 9:29', '2021-06-24'),
(739, 'BR054', 15, 'NS00166', '1', '5000', '24 June 2021, 9:29', '2021-06-24'),
(740, 'BR008', 15, 'NS00166', '1', '5000', '24 June 2021, 9:29', '2021-06-24'),
(741, 'BR098', 15, 'NS00166', '2', '5000', '24 June 2021, 9:29', '2021-06-24'),
(742, 'BR052', 15, 'NS00167', '3', '20000', '24 June 2021, 9:48', '2021-06-24'),
(743, 'BR101', 15, 'NS00167', '1', '20000', '24 June 2021, 9:48', '2021-06-24'),
(744, 'BR079', 15, 'NS00167', '1', '20000', '24 June 2021, 9:48', '2021-06-24'),
(745, 'BR098', 15, 'NS00168', '1', '3000', '24 June 2021, 10:04', '2021-06-24'),
(746, 'BR008', 15, 'NS00168', '2', '3000', '24 June 2021, 10:04', '2021-06-24'),
(747, 'BR052', 15, 'NS00168', '1', '3000', '24 June 2021, 10:04', '2021-06-24'),
(748, 'BR125', 15, 'NS00168', '1', '3000', '24 June 2021, 10:04', '2021-06-24'),
(749, 'BR065', 15, 'NS00169', '1', '20000', '24 June 2021, 10:09', '2021-06-24'),
(750, 'BR008', 15, 'NS00169', '2', '20000', '24 June 2021, 10:09', '2021-06-24'),
(751, 'BR050', 15, 'NS00169', '2', '20000', '24 June 2021, 10:09', '2021-06-24'),
(752, 'BR051', 15, 'NS00169', '2', '20000', '24 June 2021, 10:09', '2021-06-24'),
(753, 'BR052', 15, 'NS00169', '2', '20000', '24 June 2021, 10:09', '2021-06-24'),
(754, 'BR054', 15, 'NS00169', '2', '20000', '24 June 2021, 10:09', '2021-06-24'),
(755, 'BR101', 15, 'NS00169', '1', '20000', '24 June 2021, 10:09', '2021-06-24'),
(756, 'BR122', 15, 'NS00170', '1', '2500', '24 June 2021, 10:47', '2021-06-24'),
(757, 'BR028', 15, 'NS00170', '2', '2500', '24 June 2021, 10:47', '2021-06-24'),
(758, 'BR026', 15, 'NS00170', '1', '2500', '24 June 2021, 10:47', '2021-06-24'),
(759, 'BR098', 13, 'NS00171', '2', '5000', '24 June 2021, 22:14', '2021-06-24'),
(760, 'BR001', 13, 'NS00171', '3', '5000', '24 June 2021, 22:14', '2021-06-24'),
(761, 'BR008', 13, 'NS00171', '4', '5000', '24 June 2021, 22:14', '2021-06-24'),
(762, 'BR015', 13, 'NS00171', '2', '5000', '24 June 2021, 22:14', '2021-06-24'),
(763, 'BR001', 13, 'NS00172', '3', '20000', '25 June 2021, 1:05', '2021-06-25'),
(764, 'BR005', 13, 'NS00172', '3', '20000', '25 June 2021, 1:05', '2021-06-25'),
(765, 'BR026', 13, 'NS00172', '2', '20000', '25 June 2021, 1:05', '2021-06-25'),
(766, 'BR006', 13, 'NS00172', '2', '20000', '25 June 2021, 1:05', '2021-06-25'),
(767, 'BR004', 13, 'NS00172', '2', '20000', '25 June 2021, 1:05', '2021-06-25'),
(768, 'BR035', 13, 'NS00172', '2', '20000', '25 June 2021, 1:05', '2021-06-25'),
(769, 'BR009', 13, 'NS00172', '3', '20000', '25 June 2021, 1:05', '2021-06-25'),
(770, 'BR010', 13, 'NS00173', '1', '2500', '25 June 2021, 1:07', '2021-06-25'),
(771, 'BR026', 13, 'NS00173', '1', '2500', '25 June 2021, 1:07', '2021-06-25'),
(772, 'BR009', 13, 'NS00173', '1', '2500', '25 June 2021, 1:07', '2021-06-25'),
(773, 'BR004', 13, 'NS00173', '1', '2500', '25 June 2021, 1:07', '2021-06-25'),
(774, 'BR010', 13, 'NS00174', '2', '6000', '25 June 2021, 1:10', '2021-06-25'),
(775, 'BR001', 13, 'NS00174', '3', '6000', '25 June 2021, 1:10', '2021-06-25'),
(776, 'BR009', 13, 'NS00174', '5', '6000', '25 June 2021, 1:10', '2021-06-25'),
(777, 'BR005', 13, 'NS00174', '2', '6000', '25 June 2021, 1:10', '2021-06-25'),
(778, 'BR006', 13, 'NS00174', '2', '6000', '25 June 2021, 1:10', '2021-06-25'),
(779, 'BR031', 13, 'NS00174', '2', '6000', '25 June 2021, 1:10', '2021-06-25'),
(780, 'BR004', 13, 'NS00174', '2', '6000', '25 June 2021, 1:10', '2021-06-25'),
(781, 'BR098', 13, 'NS00175', '15', '7500', '25 June 2021, 2:12', '2021-06-25'),
(782, 'BR054', 13, 'NS00175', '15', '7500', '25 June 2021, 2:12', '2021-06-25'),
(783, 'BR052', 13, 'NS00175', '8', '7500', '25 June 2021, 2:12', '2021-06-25'),
(784, 'BR050', 13, 'NS00175', '7', '7500', '25 June 2021, 2:12', '2021-06-25'),
(785, 'BR011', 13, 'NS00175', '12', '7500', '25 June 2021, 2:12', '2021-06-25'),
(786, 'BR005', 13, 'NS00175', '3', '7500', '25 June 2021, 2:12', '2021-06-25'),
(787, 'BR010', 13, 'NS00175', '1', '7500', '25 June 2021, 2:12', '2021-06-25'),
(788, 'BR006', 13, 'NS00175', '1', '7500', '25 June 2021, 2:12', '2021-06-25'),
(789, 'BR002', 13, 'NS00175', '1', '7500', '25 June 2021, 2:12', '2021-06-25'),
(790, 'BR027', 13, 'NS00175', '1', '7500', '25 June 2021, 2:12', '2021-06-25'),
(791, 'BR028', 13, 'NS00175', '1', '7500', '25 June 2021, 2:12', '2021-06-25'),
(792, 'BR128', 13, 'NS00175', '15', '7500', '25 June 2021, 2:12', '2021-06-25'),
(793, 'BR014', 13, 'NS00176', '1', '2500', '25 June 2021, 2:16', '2021-06-25'),
(794, 'BR026', 13, 'NS00176', '1', '2500', '25 June 2021, 2:16', '2021-06-25'),
(795, 'BR114', 13, 'NS00176', '1', '2500', '25 June 2021, 2:16', '2021-06-25'),
(796, 'BR100', 13, 'NS00176', '1', '2500', '25 June 2021, 2:16', '2021-06-25'),
(797, 'BR002', 13, 'NS00176', '1', '2500', '25 June 2021, 2:16', '2021-06-25'),
(798, 'BR079', 13, 'NS00177', '1', '18000', '25 June 2021, 2:24', '2021-06-25'),
(799, 'BR080', 13, 'NS00177', '1', '18000', '25 June 2021, 2:24', '2021-06-25'),
(800, 'BR010', 13, 'NS00177', '2', '18000', '25 June 2021, 2:24', '2021-06-25'),
(801, 'BR024', 13, 'NS00177', '1', '18000', '25 June 2021, 2:24', '2021-06-25'),
(802, 'BR069', 13, 'NS00177', '1', '18000', '25 June 2021, 2:24', '2021-06-25'),
(803, 'BR066', 13, 'NS00177', '1', '18000', '25 June 2021, 2:24', '2021-06-25'),
(804, 'BR005', 13, 'NS00178', '1', '6000', '25 June 2021, 2:55', '2021-06-25'),
(805, 'BR014', 13, 'NS00178', '2', '6000', '25 June 2021, 2:55', '2021-06-25'),
(806, 'BR051', 13, 'NS00178', '2', '6000', '25 June 2021, 2:55', '2021-06-25'),
(807, 'BR052', 13, 'NS00178', '2', '6000', '25 June 2021, 2:55', '2021-06-25'),
(808, 'BR114', 13, 'NS00179', '2', '4000', '25 June 2021, 3:10', '2021-06-25'),
(809, 'BR127', 13, 'NS00179', '2', '4000', '25 June 2021, 3:10', '2021-06-25'),
(810, 'BR061', 13, 'NS00179', '1', '4000', '25 June 2021, 3:10', '2021-06-25'),
(811, 'BR079', 13, 'NS00180', '1', '2500', '25 June 2021, 3:34', '2021-06-25'),
(812, 'BR031', 13, 'NS00180', '3', '2500', '25 June 2021, 3:34', '2021-06-25'),
(813, 'BR114', 13, 'NS00180', '1', '2500', '25 June 2021, 3:34', '2021-06-25'),
(814, 'BR005', 13, 'NS00180', '2', '2500', '25 June 2021, 3:34', '2021-06-25'),
(815, 'BR010', 13, 'NS00180', '1', '2500', '25 June 2021, 3:34', '2021-06-25'),
(816, 'BR028', 13, 'NS00180', '1', '2500', '25 June 2021, 3:34', '2021-06-25'),
(817, 'BR004', 13, 'NS00180', '2', '2500', '25 June 2021, 3:34', '2021-06-25'),
(818, 'BR082', 13, 'NS00181', '1', '28000', '25 June 2021, 3:35', '2021-06-25'),
(819, 'BR057', 13, 'NS00182', '1', '7000', '25 June 2021, 3:41', '2021-06-25'),
(820, 'BR051', 13, 'NS00182', '2', '7000', '25 June 2021, 3:41', '2021-06-25'),
(821, 'BR050', 13, 'NS00182', '2', '7000', '25 June 2021, 3:41', '2021-06-25'),
(822, 'BR024', 13, 'NS00182', '1', '7000', '25 June 2021, 3:41', '2021-06-25'),
(823, 'BR060', 13, 'NS00183', '1', '18000', '25 June 2021, 4:00', '2021-06-25'),
(824, 'BR026', 13, 'NS00183', '3', '18000', '25 June 2021, 4:00', '2021-06-25'),
(825, 'BR006', 13, 'NS00184', '2', '3000', '25 June 2021, 4:22', '2021-06-25'),
(826, 'BR050', 13, 'NS00184', '3', '3000', '25 June 2021, 4:22', '2021-06-25'),
(827, 'BR051', 13, 'NS00184', '1', '3000', '25 June 2021, 4:22', '2021-06-25'),
(828, 'BR004', 13, 'NS00184', '1', '3000', '25 June 2021, 4:22', '2021-06-25'),
(829, 'BR002', 13, 'NS00184', '1', '3000', '25 June 2021, 4:22', '2021-06-25'),
(830, 'BR006', 13, 'NS00185', '1', '10000', '25 June 2021, 4:24', '2021-06-25'),
(831, 'BR035', 13, 'NS00185', '1', '10000', '25 June 2021, 4:24', '2021-06-25'),
(832, 'BR010', 13, 'NS00186', '3', '9000', '25 June 2021, 4:40', '2021-06-25'),
(833, 'BR017', 13, 'NS00187', '1', '2500', '25 June 2021, 4:44', '2021-06-25'),
(834, 'BR072', 13, 'NS00187', '1', '2500', '25 June 2021, 4:44', '2021-06-25'),
(835, 'BR100', 13, 'NS00187', '1', '2500', '25 June 2021, 4:44', '2021-06-25'),
(836, 'BR036', 13, 'NS00187', '1', '2500', '25 June 2021, 4:44', '2021-06-25'),
(837, 'BR098', 13, 'NS00187', '1', '2500', '25 June 2021, 4:44', '2021-06-25'),
(838, 'BR002', 13, 'NS00187', '1', '2500', '25 June 2021, 4:44', '2021-06-25'),
(839, 'BR056', 13, 'NS00188', '2', '10000', '25 June 2021, 4:57', '2021-06-25'),
(840, 'BR002', 13, 'NS00188', '1', '10000', '25 June 2021, 4:57', '2021-06-25'),
(841, 'BR006', 13, 'NS00188', '1', '10000', '25 June 2021, 4:57', '2021-06-25'),
(842, 'BR028', 13, 'NS00188', '1', '10000', '25 June 2021, 4:57', '2021-06-25'),
(843, 'BR008', 13, 'NS00188', '1', '10000', '25 June 2021, 4:57', '2021-06-25'),
(844, 'BR008', 13, 'NS00189', '3', '2500', '25 June 2021, 5:49', '2021-06-25'),
(845, 'BR014', 13, 'NS00189', '2', '2500', '25 June 2021, 5:49', '2021-06-25'),
(846, 'BR053', 13, 'NS00189', '1', '2500', '25 June 2021, 5:49', '2021-06-25'),
(847, 'BR098', 13, 'NS00189', '1', '2500', '25 June 2021, 5:49', '2021-06-25'),
(848, 'BR050', 13, 'NS00189', '1', '2500', '25 June 2021, 5:49', '2021-06-25'),
(849, 'BR054', 13, 'NS00190', '2', '1000', '25 June 2021, 6:17', '2021-06-25'),
(850, 'BR098', 13, 'NS00190', '2', '1000', '25 June 2021, 6:17', '2021-06-25'),
(851, 'BR050', 13, 'NS00190', '2', '1000', '25 June 2021, 6:17', '2021-06-25'),
(852, 'BR014', 13, 'NS00190', '2', '1000', '25 June 2021, 6:17', '2021-06-25'),
(853, 'BR128', 13, 'NS00190', '2', '1000', '25 June 2021, 6:17', '2021-06-25'),
(854, 'BR053', 13, 'NS00191', '1', '2000', '25 June 2021, 6:21', '2021-06-25'),
(855, 'BR008', 13, 'NS00191', '1', '2000', '25 June 2021, 6:21', '2021-06-25'),
(856, 'BR127', 13, 'NS00191', '1', '2000', '25 June 2021, 6:21', '2021-06-25'),
(857, 'BR108', 13, 'NS00191', '1', '2000', '25 June 2021, 6:21', '2021-06-25'),
(858, 'BR036', 13, 'NS00192', '2', '5000', '25 June 2021, 6:22', '2021-06-25'),
(859, 'BR056', 13, 'NS00193', '1', '12000', '25 June 2021, 6:30', '2021-06-25'),
(860, 'BR044', 13, 'NS00193', '1', '12000', '25 June 2021, 6:30', '2021-06-25'),
(861, 'BR045', 13, 'NS00193', '1', '12000', '25 June 2021, 6:30', '2021-06-25'),
(862, 'BR109', 13, 'NS00193', '1', '12000', '25 June 2021, 6:30', '2021-06-25'),
(863, 'BR114', 13, 'NS00193', '2', '12000', '25 June 2021, 6:30', '2021-06-25'),
(864, 'BR117', 13, 'NS00193', '1', '12000', '25 June 2021, 6:30', '2021-06-25'),
(865, 'BR002', 13, 'NS00194', '2', '7500', '25 June 2021, 7:03', '2021-06-25'),
(866, 'BR027', 13, 'NS00194', '2', '7500', '25 June 2021, 7:03', '2021-06-25'),
(867, 'BR108', 13, 'NS00194', '2', '7500', '25 June 2021, 7:03', '2021-06-25'),
(868, 'BR028', 13, 'NS00194', '2', '7500', '25 June 2021, 7:03', '2021-06-25'),
(869, 'BR026', 13, 'NS00194', '2', '7500', '25 June 2021, 7:03', '2021-06-25'),
(870, 'BR109', 13, 'NS00194', '3', '7500', '25 June 2021, 7:03', '2021-06-25'),
(871, 'BR048', 13, 'NS00195', '1', '5000', '25 June 2021, 7:20', '2021-06-25'),
(872, 'BR098', 13, 'NS00195', '2', '5000', '25 June 2021, 7:20', '2021-06-25'),
(873, 'BR114', 13, 'NS00196', '2', '5000', '25 June 2021, 7:53', '2021-06-25'),
(874, 'BR109', 13, 'NS00196', '1', '5000', '25 June 2021, 7:53', '2021-06-25'),
(875, 'BR047', 13, 'NS00197', '2', '4000', '25 June 2021, 9:05', '2021-06-25'),
(876, 'BR051', 13, 'NS00197', '2', '4000', '25 June 2021, 9:05', '2021-06-25'),
(877, 'BR052', 13, 'NS00197', '1', '4000', '25 June 2021, 9:05', '2021-06-25'),
(878, 'BR050', 13, 'NS00197', '1', '4000', '25 June 2021, 9:05', '2021-06-25'),
(879, 'BR098', 13, 'NS00197', '2', '4000', '25 June 2021, 9:05', '2021-06-25'),
(880, 'BR127', 13, 'NS00197', '2', '4000', '25 June 2021, 9:05', '2021-06-25'),
(881, 'BR060', 13, 'NS00198', '1', '18000', '25 June 2021, 10:57', '2021-06-25'),
(882, 'BR100', 13, 'NS00199', '1', '2500', '25 June 2021, 11:14', '2021-06-25'),
(883, 'BR036', 13, 'NS00199', '1', '2500', '25 June 2021, 11:14', '2021-06-25'),
(884, 'BR057', 13, 'NS00199', '1', '2500', '25 June 2021, 11:14', '2021-06-25'),
(885, 'BR055', 13, 'NS00199', '1', '2500', '25 June 2021, 11:14', '2021-06-25'),
(886, 'BR109', 13, 'NS00200', '2', '5000', '25 June 2021, 11:16', '2021-06-25'),
(887, 'BR008', 13, 'NS00200', '3', '5000', '25 June 2021, 11:16', '2021-06-25'),
(888, 'BR108', 13, 'NS00200', '5', '5000', '25 June 2021, 11:16', '2021-06-25'),
(889, 'BR031', 13, 'NS00200', '4', '5000', '25 June 2021, 11:16', '2021-06-25'),
(890, 'BR027', 13, 'NS00200', '1', '5000', '25 June 2021, 11:16', '2021-06-25'),
(891, 'BR002', 13, 'NS00200', '1', '5000', '25 June 2021, 11:16', '2021-06-25'),
(892, 'BR043', 16, 'NS00201', '1', '2500', '26 June 2021, 0:06', '2021-06-26'),
(893, 'BR109', 16, 'NS00201', '1', '2500', '26 June 2021, 0:06', '2021-06-26'),
(894, 'BR028', 16, 'NS00201', '1', '2500', '26 June 2021, 0:06', '2021-06-26'),
(895, 'BR028', 16, 'NS00202', '2', '5000', '26 June 2021, 0:38', '2021-06-26'),
(896, 'BR004', 16, 'NS00202', '2', '5000', '26 June 2021, 0:38', '2021-06-26'),
(897, 'BR110', 16, 'NS00202', '2', '5000', '26 June 2021, 0:38', '2021-06-26'),
(898, 'BR031', 16, 'NS00202', '2', '5000', '26 June 2021, 0:38', '2021-06-26'),
(899, 'BR019', 16, 'NS00202', '1', '5000', '26 June 2021, 0:38', '2021-06-26'),
(900, 'BR001', 16, 'NS00203', '2', '3000', '26 June 2021, 0:39', '2021-06-26'),
(901, 'BR009', 16, 'NS00203', '1', '3000', '26 June 2021, 0:39', '2021-06-26'),
(902, 'BR116', 16, 'NS00203', '1', '3000', '26 June 2021, 0:39', '2021-06-26'),
(903, 'BR019', 16, 'NS00203', '1', '3000', '26 June 2021, 0:39', '2021-06-26'),
(904, 'BR116', 16, 'NS00204', '2', '6000', '26 June 2021, 0:42', '2021-06-26'),
(905, 'BR009', 16, 'NS00204', '1', '6000', '26 June 2021, 0:42', '2021-06-26'),
(906, 'BR010', 16, 'NS00204', '1', '6000', '26 June 2021, 0:42', '2021-06-26'),
(907, 'BR011', 16, 'NS00204', '1', '6000', '26 June 2021, 0:42', '2021-06-26'),
(908, 'BR107', 16, 'NS00204', '1', '6000', '26 June 2021, 0:42', '2021-06-26'),
(909, 'BR098', 16, 'NS00204', '1', '6000', '26 June 2021, 0:42', '2021-06-26'),
(910, 'BR047', 16, 'NS00205', '2', '6000', '26 June 2021, 0:48', '2021-06-26'),
(911, 'BR015', 16, 'NS00205', '2', '6000', '26 June 2021, 0:48', '2021-06-26'),
(912, 'BR011', 16, 'NS00205', '2', '6000', '26 June 2021, 0:48', '2021-06-26'),
(913, 'BR004', 16, 'NS00205', '1', '6000', '26 June 2021, 0:48', '2021-06-26'),
(914, 'BR127', 16, 'NS00205', '2', '6000', '26 June 2021, 0:48', '2021-06-26'),
(915, 'BR001', 16, 'NS00205', '1', '6000', '26 June 2021, 0:48', '2021-06-26'),
(916, 'BR009', 16, 'NS00205', '1', '6000', '26 June 2021, 0:48', '2021-06-26'),
(917, 'BR126', 16, 'NS00205', '2', '6000', '26 June 2021, 0:48', '2021-06-26'),
(918, 'BR107', 16, 'NS00206', '1', '2500', '26 June 2021, 2:02', '2021-06-26'),
(919, 'BR025', 16, 'NS00206', '1', '2500', '26 June 2021, 2:02', '2021-06-26'),
(920, 'BR108', 16, 'NS00206', '1', '2500', '26 June 2021, 2:02', '2021-06-26'),
(921, 'BR110', 16, 'NS00206', '1', '2500', '26 June 2021, 2:02', '2021-06-26'),
(922, 'BR009', 16, 'NS00206', '1', '2500', '26 June 2021, 2:02', '2021-06-26'),
(923, 'BR005', 16, 'NS00207', '2', '3000', '26 June 2021, 2:05', '2021-06-26'),
(924, 'BR010', 16, 'NS00207', '1', '3000', '26 June 2021, 2:05', '2021-06-26'),
(925, 'BR058', 16, 'NS00208', '1', '7500', '26 June 2021, 2:33', '2021-06-26'),
(926, 'BR109', 16, 'NS00208', '3', '7500', '26 June 2021, 2:33', '2021-06-26'),
(927, 'BR114', 16, 'NS00208', '3', '7500', '26 June 2021, 2:33', '2021-06-26'),
(928, 'BR001', 16, 'NS00208', '3', '7500', '26 June 2021, 2:33', '2021-06-26'),
(929, 'BR005', 16, 'NS00208', '3', '7500', '26 June 2021, 2:33', '2021-06-26'),
(930, 'BR049', 15, 'NS00209', '1', '3000', '26 June 2021, 4:02', '2021-06-26'),
(931, 'BR126', 15, 'NS00209', '1', '3000', '26 June 2021, 4:02', '2021-06-26'),
(932, 'BR127', 15, 'NS00209', '1', '3000', '26 June 2021, 4:02', '2021-06-26'),
(933, 'BR053', 15, 'NS00209', '1', '3000', '26 June 2021, 4:02', '2021-06-26'),
(934, 'BR005', 15, 'NS00210', '4', '3000', '26 June 2021, 4:30', '2021-06-26'),
(935, 'BR116', 15, 'NS00210', '1', '3000', '26 June 2021, 4:30', '2021-06-26'),
(936, 'BR055', 15, 'NS00210', '1', '3000', '26 June 2021, 4:30', '2021-06-26'),
(937, 'BR082', 15, 'NS00210', '1', '3000', '26 June 2021, 4:30', '2021-06-26'),
(938, 'BR043', 15, 'NS00210', '1', '3000', '26 June 2021, 4:30', '2021-06-26'),
(939, 'BR058', 15, 'NS00211', '1', '23000', '26 June 2021, 5:09', '2021-06-26'),
(940, 'BR057', 15, 'NS00212', '1', '7000', '26 June 2021, 5:10', '2021-06-26'),
(941, 'BR044', 15, 'NS00212', '1', '7000', '26 June 2021, 5:10', '2021-06-26'),
(942, 'BR126', 15, 'NS00213', '1', '3000', '26 June 2021, 5:22', '2021-06-26'),
(943, 'BR052', 15, 'NS00213', '1', '3000', '26 June 2021, 5:22', '2021-06-26'),
(944, 'BR108', 15, 'NS00213', '1', '3000', '26 June 2021, 5:22', '2021-06-26'),
(945, 'BR028', 15, 'NS00213', '1', '3000', '26 June 2021, 5:22', '2021-06-26'),
(946, 'BR036', 15, 'NS00214', '2', '5000', '26 June 2021, 6:33', '2021-06-26'),
(947, 'BR001', 15, 'NS00214', '1', '5000', '26 June 2021, 6:33', '2021-06-26'),
(948, 'BR002', 15, 'NS00214', '1', '5000', '26 June 2021, 6:33', '2021-06-26'),
(949, 'BR066', 15, 'NS00215', '1', '23000', '26 June 2021, 6:36', '2021-06-26'),
(950, 'BR061', 15, 'NS00215', '1', '23000', '26 June 2021, 6:36', '2021-06-26'),
(951, 'BR129', 15, 'NS00216', '1', '2500', '26 June 2021, 6:40', '2021-06-26'),
(952, 'BR130', 15, 'NS00217', '1', '15000', '26 June 2021, 6:43', '2021-06-26'),
(953, 'BR053', 15, 'NS00218', '2', '15000', '26 June 2021, 6:48', '2021-06-26'),
(954, 'BR054', 15, 'NS00218', '2', '15000', '26 June 2021, 6:48', '2021-06-26'),
(955, 'BR118', 15, 'NS00218', '1', '15000', '26 June 2021, 6:48', '2021-06-26'),
(956, 'BR098', 15, 'NS00218', '2', '15000', '26 June 2021, 6:48', '2021-06-26'),
(957, 'BR004', 15, 'NS00218', '2', '15000', '26 June 2021, 6:48', '2021-06-26'),
(958, 'BR011', 15, 'NS00218', '2', '15000', '26 June 2021, 6:48', '2021-06-26'),
(959, 'BR010', 15, 'NS00218', '2', '15000', '26 June 2021, 6:48', '2021-06-26'),
(960, 'BR055', 15, 'NS00219', '2', '2500', '26 June 2021, 7:05', '2021-06-26'),
(961, 'BR053', 15, 'NS00219', '3', '2500', '26 June 2021, 7:05', '2021-06-26'),
(962, 'BR054', 15, 'NS00219', '1', '2500', '26 June 2021, 7:05', '2021-06-26'),
(963, 'BR114', 15, 'NS00219', '1', '2500', '26 June 2021, 7:05', '2021-06-26'),
(964, 'BR109', 15, 'NS00220', '1', '2500', '26 June 2021, 7:35', '2021-06-26'),
(965, 'BR089', 15, 'NS00221', '1', '23000', '26 June 2021, 7:40', '2021-06-26'),
(966, 'BR082', 15, 'NS00221', '1', '23000', '26 June 2021, 7:40', '2021-06-26'),
(967, 'BR098', 15, 'NS00222', '1', '2500', '26 June 2021, 8:44', '2021-06-26'),
(968, 'BR010', 15, 'NS00222', '1', '2500', '26 June 2021, 8:44', '2021-06-26'),
(969, 'BR006', 15, 'NS00222', '1', '2500', '26 June 2021, 8:44', '2021-06-26'),
(970, 'BR027', 15, 'NS00222', '1', '2500', '26 June 2021, 8:44', '2021-06-26'),
(971, 'BR015', 15, 'NS00222', '1', '2500', '26 June 2021, 8:44', '2021-06-26'),
(972, 'BR058', 15, 'NS00223', '1', '2500', '26 June 2021, 9:01', '2021-06-26'),
(973, 'BR098', 15, 'NS00223', '1', '2500', '26 June 2021, 9:01', '2021-06-26'),
(974, 'BR011', 15, 'NS00223', '2', '2500', '26 June 2021, 9:01', '2021-06-26'),
(975, 'BR036', 15, 'NS00223', '3', '2500', '26 June 2021, 9:01', '2021-06-26'),
(976, 'BR009', 15, 'NS00223', '3', '2500', '26 June 2021, 9:01', '2021-06-26'),
(977, 'BR031', 15, 'NS00224', '1', '2500', '26 June 2021, 9:29', '2021-06-26'),
(978, 'BR114', 15, 'NS00224', '1', '2500', '26 June 2021, 9:29', '2021-06-26'),
(979, 'BR098', 15, 'NS00224', '1', '2500', '26 June 2021, 9:29', '2021-06-26'),
(980, 'BR028', 15, 'NS00224', '1', '2500', '26 June 2021, 9:29', '2021-06-26'),
(981, 'BR015', 15, 'NS00225', '4', '2500', '26 June 2021, 9:58', '2021-06-26'),
(982, 'BR010', 15, 'NS00225', '2', '2500', '26 June 2021, 9:58', '2021-06-26'),
(983, 'BR036', 15, 'NS00225', '1', '2500', '26 June 2021, 9:58', '2021-06-26'),
(984, 'BR098', 15, 'NS00225', '1', '2500', '26 June 2021, 9:58', '2021-06-26'),
(985, 'BR075', 15, 'NS00225', '5', '2500', '26 June 2021, 9:58', '2021-06-26'),
(986, 'BR012', 15, 'NS00225', '2', '2500', '26 June 2021, 9:58', '2021-06-26'),
(987, 'BR002', 15, 'NS00225', '2', '2500', '26 June 2021, 9:58', '2021-06-26'),
(988, 'BR011', 15, 'NS00225', '2', '2500', '26 June 2021, 9:58', '2021-06-26'),
(989, 'BR001', 15, 'NS00226', '1', '5000', '26 June 2021, 10:25', '2021-06-26'),
(990, 'BR114', 15, 'NS00226', '2', '5000', '26 June 2021, 10:25', '2021-06-26'),
(991, 'BR051', 15, 'NS00226', '1', '5000', '26 June 2021, 10:25', '2021-06-26'),
(992, 'BR031', 15, 'NS00226', '1', '5000', '26 June 2021, 10:25', '2021-06-26'),
(993, 'BR056', 15, 'NS00226', '1', '5000', '26 June 2021, 10:25', '2021-06-26'),
(994, 'BR015', 16, 'NS00227', '2', '5000', '26 June 2021, 22:10', '2021-06-26'),
(995, 'BR026', 16, 'NS00227', '2', '5000', '26 June 2021, 22:10', '2021-06-26'),
(996, 'BR004', 16, 'NS00227', '2', '5000', '26 June 2021, 22:10', '2021-06-26'),
(997, 'BR005', 16, 'NS00227', '2', '5000', '26 June 2021, 22:10', '2021-06-26'),
(998, 'BR002', 16, 'NS00228', '1', '3000', '26 June 2021, 22:20', '2021-06-26'),
(999, 'BR036', 16, 'NS00228', '1', '3000', '26 June 2021, 22:20', '2021-06-26'),
(1000, 'BR008', 16, 'NS00228', '1', '3000', '26 June 2021, 22:20', '2021-06-26'),
(1001, 'BR126', 16, 'NS00228', '1', '3000', '26 June 2021, 22:20', '2021-06-26'),
(1002, 'BR114', 16, 'NS00229', '3', '7500', '26 June 2021, 22:43', '2021-06-26'),
(1003, 'BR001', 16, 'NS00229', '1', '7500', '26 June 2021, 22:43', '2021-06-26'),
(1004, 'BR114', 16, 'NS00230', '3', '7500', '26 June 2021, 22:44', '2021-06-26'),
(1005, 'BR001', 16, 'NS00230', '7', '7500', '26 June 2021, 22:44', '2021-06-26'),
(1006, 'BR011', 16, 'NS00231', '3', '3000', '26 June 2021, 22:44', '2021-06-26'),
(1007, 'BR001', 16, 'NS00231', '1', '3000', '26 June 2021, 22:44', '2021-06-26'),
(1008, 'BR015', 16, 'NS00231', '3', '3000', '26 June 2021, 22:44', '2021-06-26'),
(1009, 'BR031', 16, 'NS00231', '1', '3000', '26 June 2021, 22:44', '2021-06-26'),
(1010, 'BR010', 16, 'NS00232', '2', '6000', '26 June 2021, 22:53', '2021-06-26'),
(1011, 'BR004', 16, 'NS00232', '2', '6000', '26 June 2021, 22:53', '2021-06-26');

-- --------------------------------------------------------

--
-- Table structure for table `orderan`
--

CREATE TABLE `orderan` (
  `id` int(11) NOT NULL,
  `id_order` varchar(255) NOT NULL,
  `nama_pemesan` varchar(255) NOT NULL,
  `no_hp` varchar(255) NOT NULL,
  `dp` varchar(255) NOT NULL,
  `tgl_pesan` varchar(255) NOT NULL,
  `tgl_ambil` varchar(255) NOT NULL,
  `alamat` text NOT NULL,
  `deskripsi` text NOT NULL,
  `id_cabang` int(11) NOT NULL,
  `id_barang` varchar(255) NOT NULL
) ENGINE=InnoDB DEFAULT CHARSET=latin1;

--
-- Dumping data for table `orderan`
--

INSERT INTO `orderan` (`id`, `id_order`, `nama_pemesan`, `no_hp`, `dp`, `tgl_pesan`, `tgl_ambil`, `alamat`, `deskripsi`, `id_cabang`, `id_barang`) VALUES
(1, 'ORD001', 'Muhamad Zaky Ramadhan', '085802908730', '', '26 March 2021, 21:20', '2021-03-28', 'Durensawit,', 'Pesan bolu gulung', 1, 'BR007');

-- --------------------------------------------------------

--
-- Table structure for table `paket`
--

CREATE TABLE `paket` (
  `id_paket` int(11) NOT NULL,
  `nama_paket` varchar(255) NOT NULL,
  `harga` varchar(255) NOT NULL,
  `id_barang` varchar(255) NOT NULL,
  `kode_paket` varchar(255) NOT NULL,
  `tgl_input` varchar(255) NOT NULL
) ENGINE=InnoDB DEFAULT CHARSET=latin1;

--
-- Dumping data for table `paket`
--

INSERT INTO `paket` (`id_paket`, `nama_paket`, `harga`, `id_barang`, `kode_paket`, `tgl_input`) VALUES
(1, 'Paket1', '30000', 'BR001', 'PKT00001', '26 March 2021, 13:30'),
(2, 'paket5', '40000', 'BR001', 'PKT00002', '26 March 2021, 13:31');

-- --------------------------------------------------------

--
-- Table structure for table `pengeluaran`
--

CREATE TABLE `pengeluaran` (
  `id` int(11) NOT NULL,
  `no_pengeluaran` varchar(200) NOT NULL,
  `id_kategori` int(11) NOT NULL,
  `guna` text NOT NULL,
  `barang` varchar(100) NOT NULL,
  `nominal` varchar(100) NOT NULL,
  `oleh` varchar(100) NOT NULL,
  `tanggal_input` text NOT NULL,
  `periode` text NOT NULL,
  `id_cabang` int(11) NOT NULL
) ENGINE=InnoDB DEFAULT CHARSET=latin1;

--
-- Dumping data for table `pengeluaran`
--

INSERT INTO `pengeluaran` (`id`, `no_pengeluaran`, `id_kategori`, `guna`, `barang`, `nominal`, `oleh`, `tanggal_input`, `periode`, `id_cabang`) VALUES
(1, '100001', 0, 'Membeli Galon', 'Galon', '5000', 'Ahmad', '11 May 2021, 13:13', '2021-05-11', 1),
(2, '100002', 0, 'Membali Sbaun Cuci Piring', 'Sunlike', '10000', 'Dika', '11 May 2021, 13:17', '2021-05-11', 3),
(3, '100003', 0, 'Membeli Sapu', 'Sapu', '30000', 'Ahmad', '11 May 2021, 13:17', '2021-05-11', 3),
(4, '100004', 0, 'Membeli bensin', 'bensin', '10000', 'zaky', '10 June 2021, 11:42', '2021-06-10', 3),
(5, '100005', 0, 'Untuk membeli sapu', 'sapu', '15000', 'zaky', '10 June 2021, 11:42', '2021-06-10', 3),
(6, 'PEN00006', 0, 'Untuk membeli Kabel Printer', 'Kabel Printer', '25000', 'Admin', '18 June 2021, 9:57', '2021-06-18', 6),
(7, 'PEN00007', 0, 'Membeli obat pengusir nyamuk', 'Vape liquid elektrik', '22500', 'Admin', '24 June 2021, 3:50', '2021-06-24', 6);

-- --------------------------------------------------------

--
-- Table structure for table `penjualan`
--

CREATE TABLE `penjualan` (
  `id_penjualan` int(11) NOT NULL,
  `id_barang` varchar(255) NOT NULL,
  `id_member` int(11) NOT NULL,
  `jumlah` varchar(255) NOT NULL,
  `total` varchar(255) NOT NULL,
  `tanggal_input` varchar(255) NOT NULL,
  `id_cabang` int(11) NOT NULL
) ENGINE=InnoDB DEFAULT CHARSET=latin1;

--
-- Dumping data for table `penjualan`
--

INSERT INTO `penjualan` (`id_penjualan`, `id_barang`, `id_member`, `jumlah`, `total`, `tanggal_input`, `id_cabang`) VALUES
(1, 'BR008', 1, '5', '425000', '14 April 2021, 9:13', 1),
(2, 'BR004', 1, '1', '10000', '14 April 2021, 9:13', 1);

-- --------------------------------------------------------

--
-- Table structure for table `toko`
--

CREATE TABLE `toko` (
  `id_toko` int(11) NOT NULL,
  `nama_toko` varchar(255) NOT NULL,
  `alamat_toko` text NOT NULL,
  `tlp` varchar(255) NOT NULL,
  `nama_pemilik` varchar(255) NOT NULL,
  `id_cabang` int(11) NOT NULL
) ENGINE=InnoDB DEFAULT CHARSET=latin1;

--
-- Dumping data for table `toko`
--

INSERT INTO `toko` (`id_toko`, `nama_toko`, `alamat_toko`, `tlp`, `nama_pemilik`, `id_cabang`) VALUES
(1, 'Nusantara', '', '', '', 0);

-- --------------------------------------------------------

--
-- Table structure for table `transaksi`
--

CREATE TABLE `transaksi` (
  `id` int(11) NOT NULL,
  `invoice` varchar(255) NOT NULL,
  `diskon` varchar(255) NOT NULL,
  `potongan` varchar(100) NOT NULL,
  `totalsemua` varchar(255) NOT NULL,
  `bayar` varchar(100) NOT NULL,
  `kembali` varchar(100) NOT NULL,
  `periode` varchar(100) NOT NULL,
  `bulan` varchar(100) NOT NULL,
  `id_cabang` int(11) NOT NULL,
  `status` varchar(255) NOT NULL
) ENGINE=InnoDB DEFAULT CHARSET=latin1;

--
-- Dumping data for table `transaksi`
--

INSERT INTO `transaksi` (`id`, `invoice`, `diskon`, `potongan`, `totalsemua`, `bayar`, `kembali`, `periode`, `bulan`, `id_cabang`, `status`) VALUES
(54, 'NS00001', '', '', '48000', '50000', '', '2021-06-18', 'June', 6, 'open'),
(64, 'NS00002', '', '', '12000', '50000', '', '2021-06-18', 'June', 6, 'open'),
(65, 'NS00003', '', '', '53000', '100000', '', '2021-06-18', 'June', 6, 'open'),
(66, 'NS00004', '', '', '16500', '17000', '', '2021-06-18', 'June', 6, 'open'),
(67, 'NS00005', '', '', '23500', '25000', '', '2021-06-18', 'June', 6, 'open'),
(68, 'NS00006', '', '', '15000', '50000', '', '2021-06-18', 'June', 6, 'open'),
(69, 'NS00007', '', '', '52500', '60000', '', '2021-06-18', 'June', 6, 'open'),
(70, 'NS00008', '', '', '64500', '100000', '', '2021-06-19', 'June', 6, 'open'),
(71, 'NS00008', '', '', '64500', '100000', '', '2021-06-19', 'June', 6, 'open'),
(72, 'NS00009', '', '', '20500', '50500', '', '2021-06-19', 'June', 6, 'open'),
(73, 'NS00010', '', '', '58000', '100000', '', '2021-06-19', 'June', 6, 'open'),
(74, 'NS00011', '', '', '42500', '50000', '', '2021-06-19', 'June', 6, 'open'),
(75, 'NS00012', '', '', '27000', '52000', '', '2021-06-19', 'June', 6, 'open'),
(76, 'NS00013', '', '', '11500', '50000', '', '2021-06-19', 'June', 6, 'open'),
(77, 'NS00014', '', '', '11500', '11500', '', '2021-06-19', 'June', 6, 'open'),
(78, 'NS00015', '', '', '44000', '44000', '', '2021-06-20', 'June', 6, 'open'),
(79, 'NS00016', '', '', '17500', '20000', '', '2021-06-20', 'June', 6, 'open'),
(80, 'NS00017', '', '', '49000', '50000', '', '2021-06-20', 'June', 6, 'open'),
(81, 'NS00018', '', '', '35000', '50000', '', '2021-06-20', 'June', 6, 'open'),
(82, 'NS00019', '', '', '9500', '50500', '', '2021-06-20', 'June', 6, 'open'),
(83, 'NS00020', '', '', '47500', '50000', '', '2021-06-20', 'June', 6, 'open'),
(84, 'NS00021', '', '', '25000', '50000', '', '2021-06-20', 'June', 6, 'open'),
(86, 'NS00023', '', '', '16000', '20000', '', '2021-06-20', 'June', 6, 'open'),
(87, 'NS00024', '', '', '30000', '30000', '', '2021-06-20', 'June', 6, 'open'),
(88, 'NS00025', '', '2000', '18000', '18000', '', '2021-06-20', 'June', 6, 'open'),
(89, 'NS00026', '', '', '25500', '25500', '', '2021-06-20', 'June', 6, 'open'),
(90, 'NS00027', '', '', '20000', '20000', '', '2021-06-20', 'June', 6, 'open'),
(91, 'NS00028', '', '', '12000', '12000', '', '2021-06-20', 'June', 6, 'open'),
(105, 'NS00029', '', '', '160', '160', '', '2021-06-20', 'June', 6, 'open'),
(106, 'NS00030', '', '', '9000', '10000', '', '2021-06-20', 'June', 6, 'open'),
(107, 'NS00031', '', '', '160', '160', '', '2021-06-20', 'June', 6, 'open'),
(108, 'NS00031', '', '', '160', '160', '', '2021-06-20', 'June', 6, 'open'),
(109, 'NS00032', '', '', '5000', '5000', '', '2021-06-20', 'June', 6, 'open'),
(110, 'NS00033', '', '', '11000', '11000', '', '2021-06-20', 'June', 6, 'open'),
(111, 'NS00034', '', '', '10000', '10000', '', '2021-06-20', 'June', 6, 'open'),
(112, 'NS00035', '', '', '28000', '28000', '', '2021-06-20', 'June', 6, 'open'),
(113, 'NS00036', '', '1000', '38000', '50000', '', '2021-06-21', 'June', 6, 'open'),
(114, 'NS00037', '', '', '100500', '150000', '', '2021-06-21', 'June', 6, 'open'),
(115, 'NS00038', '', '', '67500', '70000', '', '2021-06-21', 'June', 6, 'open'),
(116, 'NS00039', '', '', '95500', '100000', '', '2021-06-21', 'June', 6, 'open'),
(117, 'NS00040', '', '', '19500', '19500', '', '2021-06-21', 'June', 6, 'open'),
(118, 'NS00041', '', '', '8000', '10000', '', '2021-06-21', 'June', 6, 'open'),
(119, 'NS00042', '', '', '21000', '22000', '', '2021-06-21', 'June', 6, 'open'),
(120, 'NS00043', '', '', '70000', '100000', '', '2021-06-21', 'June', 6, 'open'),
(121, 'NS00044', '', '', '11000', '11000', '', '2021-06-21', 'June', 6, 'open'),
(122, 'NS00045', '', '', '30000', '50000', '', '2021-06-21', 'June', 6, 'open'),
(123, 'NS00046', '', '', '39000', '100000', '', '2021-06-21', 'June', 6, 'open'),
(124, 'NS00047', '', '', '50000', '50000', '', '2021-06-21', 'June', 6, 'open'),
(125, 'NS00048', '', '', '31000', '51000', '', '2021-06-21', 'June', 6, 'open'),
(126, 'NS00049', '', '', '36500', '100000', '', '2021-06-21', 'June', 6, 'open'),
(127, 'NS00050', '', '', '12500', '20000', '', '2021-06-21', 'June', 6, 'open'),
(128, 'NS00051', '', '', '60000', '100000', '', '2021-06-21', 'June', 6, 'open'),
(129, 'NS00052', '', '', '10000', '10000', '', '2021-06-21', 'June', 6, 'open'),
(130, 'NS00053', '20', '', '14000', '100000', '', '2021-06-21', 'June', 6, 'open'),
(131, 'NS00054', '', '', '5000', '100000', '', '2021-06-21', 'June', 6, 'open'),
(132, 'NS00055', '', '', '35000', '50000', '', '2021-06-21', 'June', 6, 'open'),
(133, 'NS00056', '', '', '17000', '20000', '', '2021-06-21', 'June', 6, 'open'),
(134, 'NS00057', '', '', '66000', '66000', '', '2021-06-21', 'June', 6, 'open'),
(135, 'NS00058', '', '', '15500', '15500', '', '2021-06-21', 'June', 6, 'open'),
(136, 'NS00059', '', '', '30000', '50000', '', '2021-06-21', 'June', 6, 'open'),
(137, 'NS00060', '', '', '15000', '75000', '', '2021-06-21', 'June', 6, 'open'),
(138, 'NS00061', '', '3000', '45000', '100000', '', '2021-06-21', 'June', 6, 'open'),
(139, 'NS00062', '', '', '27500', '50000', '', '2021-06-21', 'June', 6, 'open'),
(140, 'NS00063', '', '', '17000', '20000', '', '2021-06-21', 'June', 6, 'open'),
(141, 'NS00064', '', '8', '0', '8', '', '2021-06-21', 'June', 6, 'open'),
(142, 'NS00065', '', '10', '0', '20', '', '2021-06-21', 'June', 6, 'open'),
(143, 'NS00066', '', '10', '0', '20000', '', '2021-06-21', 'June', 6, 'open'),
(144, 'NS00067', '', '', '2500', '5000', '', '2021-06-21', 'June', 6, 'open'),
(145, 'NS00068', '', '2', '0', '2', '', '2021-06-21', 'June', 6, 'open'),
(146, 'NS00069', '', '', '16000', '20000', '', '2021-06-21', 'June', 6, 'open'),
(147, 'NS00069', '', '', '16000', '20000', '', '2021-06-21', 'June', 6, 'open'),
(148, 'NS00070', '', '', '10500', '20000', '', '2021-06-21', 'June', 6, 'open'),
(149, 'NS00071', '', '', '24500', '30000', '', '2021-06-21', 'June', 6, 'open'),
(150, 'NS00071', '', '', '24500', '30000', '', '2021-06-21', 'June', 6, 'open'),
(151, 'NS00072', '', '', '53000', '55000', '', '2021-06-21', 'June', 6, 'open'),
(152, 'NS00073', '', '', '22500', '25000', '', '2021-06-21', 'June', 6, 'open'),
(153, 'NS00074', '50', '', '6250', '10000', '', '2021-06-21', 'June', 6, 'open'),
(154, 'NS00075', '', '', '37500', '40000', '', '2021-06-21', 'June', 6, 'open'),
(155, 'NS00076', '', '2', '0', '2', '', '2021-06-21', 'June', 6, 'open'),
(156, 'NS00076', '', '2', '0', '2', '', '2021-06-21', 'June', 6, 'open'),
(157, 'NS00076', '', '2', '0', '2', '', '2021-06-21', 'June', 6, 'open'),
(158, 'NS00076', '', '2', '0', '2', '', '2021-06-21', 'June', 6, 'open'),
(159, 'NS00077', '', '', '10000', '10000', '', '2021-06-21', 'June', 6, 'open'),
(160, 'NS00078', '', '', '7000', '7000', '', '2021-06-21', 'June', 6, 'open'),
(161, 'NS00079', '', '', '20000', '20000', '', '2021-06-21', 'June', 6, 'open'),
(162, 'NS00080', '', '', '15000', '15000', '', '2021-06-21', 'June', 6, 'open'),
(163, 'NS00081', '', '', '45000', '50000', '', '2021-06-21', 'June', 6, 'open'),
(164, 'NS00082', '', '', '5000', '5000', '', '2021-06-21', 'June', 6, 'open'),
(165, 'NS00083', '', '2000', '26000', '51000', '', '2021-06-21', 'June', 6, 'open'),
(166, 'NS00084', '', '', '40000', '40000', '', '2021-06-21', 'June', 6, 'open'),
(167, 'NS00085', '', '', '46500', '50000', '', '2021-06-22', 'June', 6, 'open'),
(168, 'NS00086', '', '', '23500', '25000', '', '2021-06-22', 'June', 6, 'open'),
(169, 'NS00087', '', '', '10000', '10000', '', '2021-06-22', 'June', 6, 'open'),
(170, 'NS00088', '', '', '50000', '50000', '', '2021-06-22', 'June', 6, 'open'),
(171, 'NS00089', '', '', '27500', '27500', '', '2021-06-22', 'June', 6, 'open'),
(172, 'NS00089', '', '', '27500', '27500', '', '2021-06-22', 'June', 6, 'open'),
(173, 'NS00090', '', '', '27000', '50000', '', '2021-06-22', 'June', 6, 'open'),
(174, 'NS00091', '', '18000', '33000', '50000', '', '2021-06-22', 'June', 6, 'open'),
(175, 'NS00092', '', '', '14000', '20000', '', '2021-06-22', 'June', 6, 'open'),
(176, 'NS00093', '', '', '4500', '5000', '', '2021-06-22', 'June', 6, 'open'),
(177, 'NS00094', '', '', '12800', '15000', '', '2021-06-22', 'June', 6, 'open'),
(178, 'NS00095', '', '', '4500', '5000', '', '2021-06-22', 'June', 6, 'open'),
(179, 'NS00096', '', '', '18500', '50000', '', '2021-06-22', 'June', 6, 'open'),
(180, 'NS00097', '', '', '19000', '20000', '', '2021-06-22', 'June', 6, 'open'),
(181, 'NS00098', '', '', '7000', '7000', '', '2021-06-22', 'June', 6, 'open'),
(182, 'NS00099', '', '', '7500', '10000', '', '2021-06-22', 'June', 6, 'open'),
(183, 'NS00100', '', '', '23000', '25000', '', '2021-06-22', 'June', 6, 'open'),
(184, 'NS00101', '', '', '15000', '50000', '', '2021-06-22', 'June', 6, 'open'),
(185, 'NS00102', '', '', '5000', '10000', '', '2021-06-22', 'June', 6, 'open'),
(186, 'NS00103', '', '', '30000', '50000', '', '2021-06-22', 'June', 6, 'open'),
(187, 'NS00104', '', '', '30000', '50000', '', '2021-06-22', 'June', 6, 'open'),
(188, 'NS00105', '', '', '20000', '20000', '', '2021-06-22', 'June', 6, 'open'),
(189, 'NS00106', '', '', '11500', '15000', '', '2021-06-22', 'June', 6, 'open'),
(190, 'NS00107', '', '', '41500', '41500', '', '2021-06-23', 'June', 6, 'open'),
(191, 'NS00108', '', '', '14000', '14000', '', '2021-06-23', 'June', 6, 'open'),
(192, 'NS00109', '', '', '16500', '16500', '', '2021-06-23', 'June', 6, 'open'),
(193, 'NS00110', '', '', '45500', '45500', '', '2021-06-23', 'June', 6, 'open'),
(194, 'NS00110', '', '', '45500', '45500', '', '2021-06-23', 'June', 6, 'open'),
(195, 'NS00111', '', '', '32000', '32000', '', '2021-06-23', 'June', 6, 'open'),
(196, 'NS00112', '', '500', '25000', '100000', '', '2021-06-23', 'June', 6, 'open'),
(197, 'NS00113', '', '', '17500', '17500', '', '2021-06-23', 'June', 6, 'open'),
(198, 'NS00114', '', '', '11500', '14000', '', '2021-06-23', 'June', 6, 'open'),
(199, 'NS00115', '', '', '16500', '16500', '', '2021-06-23', 'June', 6, 'open'),
(200, 'NS00116', '', '', '28000', '28000', '', '2021-06-23', 'June', 6, 'open'),
(201, 'NS00117', '', '', '18000', '18000', '', '2021-06-23', 'June', 6, 'open'),
(202, 'NS00118', '', '', '9000', '9000', '', '2021-06-23', 'June', 6, 'open'),
(203, 'NS00119', '', '', '5000', '5000', '', '2021-06-23', 'June', 6, 'open'),
(204, 'NS00120', '', '', '24500', '50000', '', '2021-06-23', 'June', 6, 'open'),
(205, 'NS00121', '', '', '46300', '50000', '', '2021-06-23', 'June', 6, 'open'),
(206, 'NS00122', '', '', '28000', '28000', '', '2021-06-23', 'June', 6, 'open'),
(207, 'NS00123', '', '', '25400', '26000', '', '2021-06-23', 'June', 6, 'open'),
(208, 'NS00124', '', '', '17500', '17500', '', '2021-06-23', 'June', 6, 'open'),
(209, 'NS00125', '', '', '14000', '20000', '', '2021-06-23', 'June', 6, 'open'),
(210, 'NS00126', '', '', '27000', '50000', '', '2021-06-23', 'June', 6, 'open'),
(211, 'NS00127', '', '3000', '44000', '50000', '', '2021-06-23', 'June', 6, 'open'),
(212, 'NS00128', '', '', '29500', '30000', '', '2021-06-23', 'June', 6, 'open'),
(213, 'NS00129', '', '', '27500', '30000', '', '2021-06-23', 'June', 6, 'open'),
(214, 'NS00130', '', '9300', '67000', '100000', '', '2021-06-23', 'June', 6, 'open'),
(215, 'NS00131', '', '', '20000', '100000', '', '2021-06-23', 'June', 6, 'open'),
(216, 'NS00132', '', '', '31000', '31000', '', '2021-06-23', 'June', 6, 'open'),
(217, 'NS00133', '', '', '23500', '50000', '', '2021-06-23', 'June', 6, 'open'),
(218, 'NS00134', '', '', '21000', '21000', '', '2021-06-23', 'June', 6, 'open'),
(219, 'NS00135', '', '3000', '48000', '100000', '', '2021-06-23', 'June', 6, 'open'),
(220, 'NS00136', '', '', '52500', '52500', '', '2021-06-23', 'June', 6, 'open'),
(221, 'NS00137', '', '', '21000', '51000', '', '2021-06-23', 'June', 6, 'open'),
(222, 'NS00138', '', '2000', '39000', '40000', '', '2021-06-23', 'June', 6, 'open'),
(223, 'NS00139', '', '', '15000', '15000', '', '2021-06-23', 'June', 6, 'open'),
(224, 'NS00140', '', '', '22000', '22000', '', '2021-06-23', 'June', 6, 'open'),
(225, 'NS00141', '', '', '27000', '27000', '', '2021-06-23', 'June', 6, 'open'),
(226, 'NS00142', '', '', '40000', '50000', '', '2021-06-23', 'June', 6, 'open'),
(227, 'NS00143', '', '', '10000', '10000', '', '2021-06-23', 'June', 6, 'open'),
(228, 'NS00144', '', '2000', '32000', '50000', '', '2021-06-24', 'June', 6, 'open'),
(229, 'NS00145', '', '3000', '50000', '50000', '', '2021-06-24', 'June', 6, 'open'),
(230, 'NS00146', '', '1000', '30000', '50000', '', '2021-06-24', 'June', 6, 'open'),
(231, 'NS00147', '', '500', '29000', '50000', '', '2021-06-24', 'June', 6, 'open'),
(232, 'NS00148', '', '2000', '20000', '20000', '', '2021-06-24', 'June', 6, 'open'),
(233, 'NS00149', '', '500', '10000', '10000', '', '2021-06-24', 'June', 6, 'open'),
(234, 'NS00150', '', '', '19500', '20000', '', '2021-06-24', 'June', 6, 'open'),
(235, 'NS00151', '', '', '29000', '50000', '', '2021-06-24', 'June', 6, 'open'),
(236, 'NS00152', '', '', '35000', '50000', '', '2021-06-24', 'June', 6, 'open'),
(237, 'NS00153', '', '', '5000', '5000', '', '2021-06-24', 'June', 6, 'open'),
(238, 'NS00154', '', '500', '30000', '50000', '', '2021-06-24', 'June', 6, 'open'),
(239, 'NS00155', '', '', '19500', '50000', '', '2021-06-24', 'June', 6, 'open'),
(240, 'NS00156', '', '', '13500', '15000', '', '2021-06-24', 'June', 6, 'open'),
(241, 'NS00157', '', '', '2500', '2500', '', '2021-06-24', 'June', 6, 'open'),
(242, 'NS00158', '', '', '6000', '10000', '', '2021-06-24', 'June', 6, 'open'),
(243, 'NS00159', '', '', '2500', '5000', '', '2021-06-24', 'June', 6, 'open'),
(244, 'NS00160', '', '', '10000', '10000', '', '2021-06-24', 'June', 6, 'open'),
(245, 'NS00161', '', '', '25000', '25000', '', '2021-06-24', 'June', 6, 'open'),
(246, 'NS00162', '', '', '19500', '50000', '', '2021-06-24', 'June', 6, 'open'),
(247, 'NS00163', '', '', '12500', '13000', '', '2021-06-24', 'June', 6, 'open'),
(248, 'NS00164', '', '', '12500', '13000', '', '2021-06-24', 'June', 6, 'open'),
(249, 'NS00165', '', '', '98000', '100000', '', '2021-06-24', 'June', 6, 'open'),
(250, 'NS00166', '', '', '18500', '50000', '', '2021-06-24', 'June', 6, 'open'),
(251, 'NS00167', '', '', '44000', '50000', '', '2021-06-24', 'June', 6, 'open'),
(252, 'NS00168', '', '', '14500', '20000', '', '2021-06-24', 'June', 6, 'open'),
(253, 'NS00169', '', '', '84000', '100000', '', '2021-06-24', 'June', 6, 'open'),
(254, 'NS00170', '20%', '', '8000', '10000', '', '2021-06-24', 'June', 6, 'open'),
(255, 'NS00171', '', '', '32000', '52000', '', '2021-06-24', 'June', 6, 'open'),
(256, 'NS00172', '', '', '59000', '100000', '', '2021-06-25', 'June', 6, 'open'),
(257, 'NS00173', '', '', '10500', '41000', '', '2021-06-25', 'June', 6, 'open'),
(258, 'NS00174', '', '', '48500', '50500', '', '2021-06-25', 'June', 6, 'open'),
(259, 'NS00175', '', '7500', '185500', '200000', '', '2021-06-25', 'June', 6, 'open'),
(260, 'NS00176', '', '', '13000', '15000', '', '2021-06-25', 'June', 6, 'open'),
(261, 'NS00177', '', '', '85000', '100000', '', '2021-06-25', 'June', 6, 'open'),
(262, 'NS00178', '', '2000', '18500', '20500', '', '2021-06-25', 'June', 6, 'open'),
(263, 'NS00179', '', '3000', '24000', '50000', '', '2021-06-25', 'June', 6, 'open'),
(264, 'NS00180', '', '', '42000', '50000', '', '2021-06-25', 'June', 6, 'open'),
(265, 'NS00181', '', '', '28000', '50000', '', '2021-06-25', 'June', 6, 'open'),
(266, 'NS00182', '', '', '27000', '27000', '', '2021-06-25', 'June', 6, 'open'),
(267, 'NS00183', '', '', '25500', '25500', '', '2021-06-25', 'June', 6, 'open'),
(268, 'NS00184', '', '2000', '20000', '20000', '', '2021-06-25', 'June', 6, 'open'),
(269, 'NS00185', '', '', '12500', '20000', '', '2021-06-25', 'June', 6, 'open'),
(270, 'NS00186', '', '', '9000', '9000', '', '2021-06-25', 'June', 6, 'open'),
(271, 'NS00187', '', '', '33000', '50000', '', '2021-06-25', 'June', 6, 'open'),
(272, 'NS00188', '', '', '20500', '25000', '', '2021-06-25', 'June', 6, 'open'),
(273, 'NS00189', '', '', '24000', '25000', '', '2021-06-25', 'June', 6, 'open'),
(274, 'NS00190', '', '', '25000', '25000', '', '2021-06-25', 'June', 6, 'open'),
(275, 'NS00191', '', '', '11000', '21000', '', '2021-06-25', 'June', 6, 'open'),
(276, 'NS00192', '', '', '5000', '5000', '', '2021-06-25', 'June', 6, 'open'),
(277, 'NS00193', '', '', '39500', '100000', '', '2021-06-25', 'June', 6, 'open'),
(278, 'NS00194', '', '', '32500', '35000', '', '2021-06-25', 'June', 6, 'open'),
(279, 'NS00195', '', '', '14000', '14000', '', '2021-06-25', 'June', 6, 'open'),
(280, 'NS00196', '', '', '7500', '7500', '', '2021-06-25', 'June', 6, 'open'),
(281, 'NS00197', '', '', '33000', '103000', '', '2021-06-25', 'June', 6, 'open'),
(282, 'NS00198', '', '3000', '15000', '15000', '', '2021-06-25', 'June', 6, 'open'),
(283, 'NS00199', '', '500', '15000', '15000', '', '2021-06-25', 'June', 6, 'open'),
(284, 'NS00200', '', '3500', '40000', '50000', '', '2021-06-25', 'June', 6, 'open'),
(285, 'NS00201', '', '', '14000', '20000', '', '2021-06-26', 'June', 6, 'open'),
(286, 'NS00202', '', '', '23500', '25000', '', '2021-06-26', 'June', 6, 'open'),
(287, 'NS00203', '', '', '14000', '15000', '', '2021-06-26', 'June', 6, 'open'),
(288, 'NS00204', '', '', '19000', '20000', '', '2021-06-26', 'June', 6, 'open'),
(289, 'NS00205', '', '4000', '39000', '100000', '', '2021-06-26', 'June', 6, 'open'),
(290, 'NS00206', '', '', '12500', '20000', '', '2021-06-26', 'June', 6, 'open'),
(291, 'NS00207', '', '', '8000', '10000', '', '2021-06-26', 'June', 6, 'open'),
(292, 'NS00208', '', '', '54500', '60000', '', '2021-06-26', 'June', 6, 'open'),
(293, 'NS00209', '', '', '18500', '20000', '', '2021-06-26', 'June', 6, 'open'),
(294, 'NS00210', '', '', '53500', '55000', '', '2021-06-26', 'June', 6, 'open'),
(295, 'NS00211', '', '', '23000', '23000', '', '2021-06-26', 'June', 6, 'open'),
(296, 'NS00212', '', '', '16000', '17000', '', '2021-06-26', 'June', 6, 'open'),
(297, 'NS00213', '', '', '11000', '51000', '', '2021-06-26', 'June', 6, 'open'),
(298, 'NS00214', '', '', '10500', '10500', '', '2021-06-26', 'June', 6, 'open'),
(299, 'NS00215', '', '10000', '31000', '100000', '', '2021-06-26', 'June', 6, 'open'),
(300, 'NS00216', '', '', '2500', '4000', '', '2021-06-26', 'June', 6, 'open'),
(301, 'NS00217', '', '', '15000', '15000', '', '2021-06-26', 'June', 6, 'open'),
(302, 'NS00218', '', '', '50000', '50000', '', '2021-06-26', 'June', 6, 'open'),
(303, 'NS00219', '', '', '23500', '50000', '', '2021-06-26', 'June', 6, 'open'),
(304, 'NS00220', '', '', '2500', '2500', '', '2021-06-26', 'June', 6, 'open'),
(305, 'NS00221', '', '3000', '48000', '50000', '', '2021-06-26', 'June', 6, 'open'),
(306, 'NS00222', '20%', '', '10800', '11000', '', '2021-06-26', 'June', 6, 'open'),
(307, 'NS00223', '', '', '45500', '50000', '', '2021-06-26', 'June', 6, 'open'),
(308, 'NS00224', '', '', '10500', '10500', '', '2021-06-26', 'June', 6, 'open'),
(309, 'NS00225', '', '', '50500', '100000', '', '2021-06-26', 'June', 6, 'open'),
(310, 'NS00226', '', '', '19000', '20000', '', '2021-06-26', 'June', 6, 'open'),
(311, 'NS00227', '', '', '21000', '51000', '', '2021-06-26', 'June', 6, 'open'),
(312, 'NS00228', '', '', '11000', '21000', '', '2021-06-26', 'June', 6, 'open'),
(313, 'NS00229', '', '', '10500', '20000', '', '2021-06-26', 'June', 6, 'open'),
(314, 'NS00230', '', '', '28500', '30000', '', '2021-06-26', 'June', 6, 'open'),
(315, 'NS00231', '', '2500', '20000', '20000', '', '2021-06-26', 'June', 6, 'open'),
(316, 'NS00232', '', '1000', '10000', '10000', '', '2021-06-26', 'June', 6, 'open');

--
-- Indexes for dumped tables
--

--
-- Indexes for table `barang`
--
ALTER TABLE `barang`
  ADD PRIMARY KEY (`id`);

--
-- Indexes for table `bulan`
--
ALTER TABLE `bulan`
  ADD PRIMARY KEY (`id`);

--
-- Indexes for table `cabang`
--
ALTER TABLE `cabang`
  ADD PRIMARY KEY (`id_cabang`);

--
-- Indexes for table `kategori`
--
ALTER TABLE `kategori`
  ADD PRIMARY KEY (`id_kategori`);

--
-- Indexes for table `kategori_brg`
--
ALTER TABLE `kategori_brg`
  ADD PRIMARY KEY (`idbrg`);

--
-- Indexes for table `keranjang`
--
ALTER TABLE `keranjang`
  ADD PRIMARY KEY (`id_keranjang`);

--
-- Indexes for table `login`
--
ALTER TABLE `login`
  ADD PRIMARY KEY (`id_login`);

--
-- Indexes for table `member`
--
ALTER TABLE `member`
  ADD PRIMARY KEY (`id_member`);

--
-- Indexes for table `nota`
--
ALTER TABLE `nota`
  ADD PRIMARY KEY (`id_nota`);

--
-- Indexes for table `orderan`
--
ALTER TABLE `orderan`
  ADD PRIMARY KEY (`id`);

--
-- Indexes for table `paket`
--
ALTER TABLE `paket`
  ADD PRIMARY KEY (`id_paket`);

--
-- Indexes for table `pengeluaran`
--
ALTER TABLE `pengeluaran`
  ADD PRIMARY KEY (`id`),
  ADD KEY `kategori` (`id_kategori`);

--
-- Indexes for table `penjualan`
--
ALTER TABLE `penjualan`
  ADD PRIMARY KEY (`id_penjualan`);

--
-- Indexes for table `toko`
--
ALTER TABLE `toko`
  ADD PRIMARY KEY (`id_toko`);

--
-- Indexes for table `transaksi`
--
ALTER TABLE `transaksi`
  ADD PRIMARY KEY (`id`),
  ADD KEY `invoice` (`invoice`);

--
-- AUTO_INCREMENT for dumped tables
--

--
-- AUTO_INCREMENT for table `barang`
--
ALTER TABLE `barang`
  MODIFY `id` int(11) NOT NULL AUTO_INCREMENT, AUTO_INCREMENT=203;

--
-- AUTO_INCREMENT for table `bulan`
--
ALTER TABLE `bulan`
  MODIFY `id` int(11) NOT NULL AUTO_INCREMENT, AUTO_INCREMENT=13;

--
-- AUTO_INCREMENT for table `cabang`
--
ALTER TABLE `cabang`
  MODIFY `id_cabang` int(11) NOT NULL AUTO_INCREMENT, AUTO_INCREMENT=7;

--
-- AUTO_INCREMENT for table `kategori`
--
ALTER TABLE `kategori`
  MODIFY `id_kategori` int(11) NOT NULL AUTO_INCREMENT, AUTO_INCREMENT=12;

--
-- AUTO_INCREMENT for table `kategori_brg`
--
ALTER TABLE `kategori_brg`
  MODIFY `idbrg` int(11) NOT NULL AUTO_INCREMENT, AUTO_INCREMENT=7;

--
-- AUTO_INCREMENT for table `keranjang`
--
ALTER TABLE `keranjang`
  MODIFY `id_keranjang` int(11) NOT NULL AUTO_INCREMENT, AUTO_INCREMENT=1042;

--
-- AUTO_INCREMENT for table `login`
--
ALTER TABLE `login`
  MODIFY `id_login` int(11) NOT NULL AUTO_INCREMENT, AUTO_INCREMENT=15;

--
-- AUTO_INCREMENT for table `member`
--
ALTER TABLE `member`
  MODIFY `id_member` int(11) NOT NULL AUTO_INCREMENT, AUTO_INCREMENT=18;

--
-- AUTO_INCREMENT for table `nota`
--
ALTER TABLE `nota`
  MODIFY `id_nota` int(11) NOT NULL AUTO_INCREMENT, AUTO_INCREMENT=1012;

--
-- AUTO_INCREMENT for table `orderan`
--
ALTER TABLE `orderan`
  MODIFY `id` int(11) NOT NULL AUTO_INCREMENT, AUTO_INCREMENT=2;

--
-- AUTO_INCREMENT for table `paket`
--
ALTER TABLE `paket`
  MODIFY `id_paket` int(11) NOT NULL AUTO_INCREMENT, AUTO_INCREMENT=3;

--
-- AUTO_INCREMENT for table `pengeluaran`
--
ALTER TABLE `pengeluaran`
  MODIFY `id` int(11) NOT NULL AUTO_INCREMENT, AUTO_INCREMENT=8;

--
-- AUTO_INCREMENT for table `penjualan`
--
ALTER TABLE `penjualan`
  MODIFY `id_penjualan` int(11) NOT NULL AUTO_INCREMENT, AUTO_INCREMENT=3;

--
-- AUTO_INCREMENT for table `toko`
--
ALTER TABLE `toko`
  MODIFY `id_toko` int(11) NOT NULL AUTO_INCREMENT, AUTO_INCREMENT=2;

--
-- AUTO_INCREMENT for table `transaksi`
--
ALTER TABLE `transaksi`
  MODIFY `id` int(11) NOT NULL AUTO_INCREMENT, AUTO_INCREMENT=317;
COMMIT;

/*!40101 SET CHARACTER_SET_CLIENT=@OLD_CHARACTER_SET_CLIENT */;
/*!40101 SET CHARACTER_SET_RESULTS=@OLD_CHARACTER_SET_RESULTS */;
/*!40101 SET COLLATION_CONNECTION=@OLD_COLLATION_CONNECTION */;
